FRAME,ID,track_id_unique,track_id_parent,pos_x,pos_y,dt16_n0_dx,dt16_n0_dy,tid_lap_pred,ID_next,dist_link
0,2209,18,0,819.3107398568019,286.0653937947494,-1.05070009537053,-7.11907172715496,1.0,2299,7.196190168887197
0,10529,17,0,584.8333333333334,407.5,-1.9940596278861449,48.38634835238736,2.0,2317,48.427419719391864
0,2225,38,0,801.057188884414,521.6250503423279,6.442811115585982,-2.125050342327881,3.0,11327,6.784220959590433
0,2194,1,0,884.6592252133946,246.66907419566644,2.84077478660538,-12.502407528999813,4.0,11370,12.821084018498748
0,2229,25,0,118.45543175487464,751.2757660167131,24.135670942711727,6.554806628814617,5.0,2368,25.009920067765336
0,2230,28,0,215.3068181818182,762.9746503496503,0.0,0.0,6.0,0,inf
0,10585,11,0,600.8333333333334,395.5,-4.196479400749126,6.210561797752803,7.0,2302,7.495433089863338
0,2219,14,0,565.4877734877734,398.0900900900901,-16.427074530078812,49.574532840627285,8.0,2305,52.22531076004428
0,2203,5,0,94.81305044035228,267.6413130504404,1.3519411844383311,-14.876377260378945,9.0,2297,14.937682061126495
0,10587,4,0,210.16666666666663,644.8333333333334,-6.666666666666629,-5.333333333333371,10.0,11375,8.537498983243792
0,10589,10,0,230.16666666666663,652.8333333333334,4.0,-8.0,11.0,11377,8.94427190999916
0,2191,35,0,922.7784275503574,209.84925276153345,-1.9450942170240069,-5.015919428200164,12.0,11372,5.379854944447488
1,2368,25,0,142.59110269758636,757.8305726455277,21.92186560212545,-10.073223942357686,5.0,2499,24.125464390774724
1,2305,14,0,549.0606989576946,447.66462293071737,-13.094465191460811,-35.48903851513296,8.0,2490,37.82772625177159
1,2370,29,28,192.6494992846924,757.9628040057224,1.6292044190113018,28.30849229057389,13.0,2511,28.355335349884463
1,2371,32,28,226.315296566077,763.9656607700313,-1.7040137221820828,6.228311409257799,14.0,2501,6.457207273742705
1,11370,1,0,887.5,234.16666666666663,-10.666666666666629,-6.666666666666629,4.0,11641,12.578641509408753
1,11372,35,0,920.8333333333334,204.8333333333333,-9.333333333333371,-14.666666666666655,12.0,11643,17.384539747207075
1,2317,17,0,582.8392737054472,455.88634835238736,-12.62819742540546,-10.659075625114554,2.0,2492,16.525352141389554
1,11375,4,0,203.5,639.5,-6.666666666666714,-5.333333333333371,10.0,11636,8.537498983243859
1,11377,10,0,234.16666666666663,644.8333333333334,-5.333333333333343,-4.0,11.0,11638,6.666666666666674
1,2297,5,0,96.16499162479062,252.76493579006143,-3.1448255512437555,-7.446430451983133,9.0,2485,8.08327002047917
1,2299,18,0,818.2600397614314,278.94632206759445,-11.168431817805526,-5.168615469260033,1.0,2487,12.306439580075342
1,2302,11,0,596.6368539325842,401.7105617977528,-11.98884138028302,4.889333599736801,7.0,2489,12.947505577952137
1,11327,38,0,807.5,519.5,9.273444753946135,27.39925719591463,3.0,2494,28.92604488160057
2,2499,25,0,164.51296829971182,747.75734870317,29.010079677710596,-3.7902743852019967,5.0,2603,29.25663861112954
2,2501,32,28,224.6112828438949,770.1939721792891,-7.777949510561626,13.306027820710938,14.0,12190,15.412555756732214
2,2511,29,28,194.2787037037037,786.2712962962963,1.2212962962962877,21.228703703703676,13.0,12188,21.26380552918478
2,11636,4,0,196.8333333333333,634.1666666666666,-6.666666666666657,-4.0,10.0,12180,7.774602526460392
2,2485,5,0,93.02016607354686,245.3185053380783,-0.8118200485697002,1.3281592979253958,9.0,2593,1.5566177796509297
2,11638,10,0,228.8333333333333,640.8333333333334,-16.0,-5.333333333333371,11.0,12185,16.865480854231368
2,2487,18,0,807.0916079436258,273.7777065983344,0.0,0.0,1.0,0,inf
2,2489,11,0,584.6480125523012,406.5998953974896,-7.814679218967854,12.900104602510396,7.0,12161,15.082503441109434
2,11641,1,0,876.8333333333334,227.5,1.3333333333332575,-6.666666666666714,4.0,12175,6.798692684790411
2,2490,14,0,535.9662337662338,412.1755844155844,20.27485534267703,-28.61518837598044,8.0,2595,35.06991253138972
2,11643,35,0,911.5,190.16666666666663,-5.333333333333371,-1.3333333333333428,12.0,12177,5.497474167490253
2,2492,17,0,570.2110762800418,445.2272727272728,-9.377742946708397,-7.060606060606119,2.0,12156,11.738578309046073
2,2494,38,0,816.7734447539461,546.8992571959146,-4.464040891645595,-9.67003805233776,3.0,2599,10.650694672928347
3,2593,5,0,92.20834602497716,246.6466646360037,5.351577534946401,-1.8295748189138408,9.0,2744,5.655680872410201
3,12161,11,0,576.8333333333334,419.5,10.809685962920868,1.257661748013618,7.0,2756,10.882601880496463
3,2594,19,18,798.5073280721533,287.7215332581736,9.85103578621056,-1.7526687893091548,15.0,2748,10.005736052196236
3,2595,14,0,556.2410891089108,383.560396039604,8.845228613770473,-12.35516187982438,8.0,2751,15.195002280570062
3,2599,38,0,812.3094038623005,537.2292191435769,3.3397576557930506,-8.629483927336764,3.0,2763,9.253214255143552
3,2603,25,0,193.5230479774224,743.967074317968,-63.13719750075407,-13.134159114756812,5.0,2769,64.48885053946128
3,12173,24,18,835.5,252.8333333333333,-1.3333333333333712,1.3333333333333428,16.0,12484,1.8856180831641602
3,12175,1,0,878.1666666666666,220.8333333333333,8.0,1.3333333333333428,4.0,12486,8.110350040397627
3,12177,35,0,906.1666666666666,188.8333333333333,0.0,2.666666666666714,12.0,12488,2.666666666666714
3,12180,4,0,190.16666666666663,630.1666666666666,26.12467552298065,10.174606810200087,10.0,2766,28.036071317557926
3,12185,10,0,212.8333333333333,635.5,0.0,0.0,11.0,0,inf
3,12156,17,0,560.8333333333334,438.1666666666667,-18.01002306191242,6.31710129501505,2.0,2760,19.08577217358779
3,12188,29,28,195.5,807.5,9.571514423076934,19.06490384615381,13.0,2773,21.33270838440961
3,12190,32,28,216.8333333333333,783.5,-24.85339063992356,-1.1353868194842107,14.0,2770,24.87931127524431
4,2756,11,0,587.6430192962542,420.7576617480136,2.8520718678411185,-7.799269976157632,7.0,2979,8.304391976558223
4,12484,24,18,834.1666666666666,254.16666666666663,4.0,-1.3333333333333428,16.0,12622,4.216370213557842
4,12486,1,0,886.1666666666666,222.16666666666663,-1.3333333333332575,5.333333333333371,4.0,12624,5.497474167490233
4,2760,17,0,542.823310271421,444.48376796168174,5.942552672741499,2.2427548809578752,2.0,2981,6.351683377213281
4,12488,35,0,906.1666666666666,191.5,0.0,0.0,12.0,0,inf
4,2763,38,0,815.6491615180936,528.5997352162401,-0.7804812817180391,-12.900457474940026,3.0,2982,12.924045577676063
4,2766,4,0,216.29134218964728,640.3412734768667,12.098454739525607,-5.662224442691354,10.0,2985,13.357896268640546
4,2769,25,0,130.38585047666834,730.8329152032112,0.0,0.0,5.0,0,inf
4,2770,32,28,191.97994269340973,782.3646131805158,-24.889096646252995,-12.040757424621232,14.0,2989,27.648634165634537
4,2773,29,28,205.07151442307693,826.5649038461538,1.3868415921652968,-10.765774831455929,13.0,2990,10.854733406370213
4,2744,5,0,97.55992355992356,244.81708981708985,6.078531657824996,-2.1005737940824645,9.0,2978,6.4312485086153135
4,2748,19,18,808.3583638583639,285.96886446886447,9.808302808302756,-9.135531135531153,15.0,12619,13.403758171036168
4,2751,14,0,565.0863177226813,371.2052341597796,-37.18328381429342,36.69601509661538,8.0,2980,52.24168947483723
5,2978,5,0,103.63845521774856,242.7165160230074,-10.115868282421957,-0.4344230753310683,9.0,3144,10.12519207302709
5,2979,11,0,590.4950911640954,412.958391771856,4.838242169238015,-12.19407252302966,7.0,3157,13.11884110678607
5,2980,14,0,527.9030339083879,407.901249256395,10.579329407308704,3.466475611329884,8.0,3156,11.132774311567248
5,2981,17,0,548.7658629441624,446.7265228426396,17.612958016536254,8.501643096224996,2.0,3159,19.557459585228827
5,2982,38,0,814.8686802363756,515.6992777413001,-1.0754640532942403,1.6803708079438593,3.0,3161,1.9950611474633992
5,2985,4,0,228.3897969291729,634.6790490341754,-15.10298655284845,-0.2292865204742611,10.0,3164,15.104726913254416
5,2986,27,25,98.81515812431844,732.2644492911669,3.812109890196851,3.2031505014717823,17.0,3165,4.979192198541403
5,2987,26,25,202.58938377059184,739.6888346552776,-0.1765397338946002,8.67672638918259,18.0,3167,8.678522173180243
5,12619,19,18,818.1666666666666,276.8333333333333,12.0,-5.333333333333314,15.0,12825,13.131810402394798
5,2989,32,28,167.09084604715673,770.3238557558946,-7.571501784861653,-6.935659034583068,14.0,3169,10.267960144164805
5,2990,29,28,206.45835601524223,815.7991290146979,19.62751828469553,-21.768015137908836,13.0,3171,29.310168151347845
5,12622,24,18,838.1666666666666,252.8333333333333,8.0,-4.0,16.0,12823,8.94427190999916
5,12624,1,0,884.8333333333334,227.5,4.15686274509801,-0.1535947712418419,4.0,3138,4.15969941646468
5,12627,36,35,902.1666666666666,192.8333333333333,-9.333333333333258,0.0,19.0,12828,9.333333333333258
5,12629,37,35,926.1666666666666,183.5,-8.0,4.0,20.0,12830,8.94427190999916
6,3169,32,28,159.51934426229508,763.3881967213115,-24.57933014796905,-5.679657554056689,14.0,3433,25.22700894783631
6,3138,1,0,888.9901960784314,227.34640522875816,16.896361298617762,-1.8946019500696707,4.0,3392,17.002251076920253
6,3171,29,28,226.08587429993776,794.031113876789,16.774170846789133,-27.36971432825635,13.0,3438,32.10099795968392
6,3144,5,0,93.5225869353266,242.28209294767632,2.006838352029717,20.478366822438574,9.0,3397,20.576464902541698
6,3156,14,0,538.4823633156966,411.36772486772486,0.0,0.0,8.0,0,inf
6,3157,11,0,595.3333333333334,400.7643192488263,0.0,0.0,7.0,0,inf
6,3159,17,0,566.3788209606987,455.2281659388646,-19.97658360661308,4.4678457342871525,2.0,3416,20.470113289803514
6,12823,24,18,846.1666666666666,248.8333333333333,10.666666666666742,0.0,16.0,12971,10.666666666666742
6,3161,38,0,813.7932161830813,517.3796485492439,-10.495498683908297,4.816514202988969,3.0,3419,11.547913304641462
6,12825,19,18,830.1666666666666,271.5,-9.333333333333258,0.0,15.0,12973,9.333333333333258
6,3164,4,0,213.28681037632444,634.4497625137011,0.9453795972903548,5.366294779928694,10.0,3422,5.448932211733123
6,12828,36,35,892.8333333333334,192.8333333333333,-0.1136965569429548,4.1189935679152825,19.0,3390,4.120562451849037
6,3165,27,25,102.6272680145153,735.4675997926387,37.02719676640538,0.141939863489938,17.0,3426,37.02746882117314
6,12830,37,35,918.1666666666666,187.5,8.633629191321575,-2.659023668639094,20.0,3387,9.033823104512448
6,3167,26,25,202.41284403669724,748.3655610444602,-1.2235742900504365,-1.495963428960863,18.0,3429,1.9326253191088987
7,3392,1,0,905.8865573770491,225.4518032786885,7.260022427511103,-2.985190900838319,4.0,3601,7.849795561822748
7,3426,27,25,139.65446478092068,735.6095396561286,21.967803689422738,0.3061731430389045,17.0,3617,21.969937208160918
7,3397,5,0,95.52942528735632,262.7604597701149,-3.6981275774326576,0.2260542247960302,9.0,3603,3.7050301066949607
7,3429,26,25,201.1892697466468,746.8695976154993,0.5274416027723134,10.230491750005626,18.0,3620,10.244079074825038
7,3433,32,28,134.94001411432603,757.7085391672548,-23.320026083206955,-4.62356011279644,14.0,3618,23.773954753849743
7,12971,24,18,856.8333333333334,248.8333333333333,1.690737355271153,1.6048141377209504,16.0,3605,2.331098715442641
7,3404,13,11,590.6486842105263,374.4809210526316,2.0812152869610827,5.27912919862473,21.0,3609,5.674562729096638
7,12973,19,18,820.8333333333334,271.5,-19.84385437541755,12.668336673346689,15.0,3607,23.542839899681578
7,3438,29,28,242.8600451467269,766.6613995485327,9.922191343374775,-2.660329457575017,13.0,3623,10.272644930950486
7,3407,16,14,563.6779220779221,398.1705627705628,-8.29000921776742,-13.23662039529927,22.0,3611,15.618334492509799
7,3411,15,14,521.6871595330739,412.9003891050584,-8.30726300683591,-14.57592495132593,23.0,3612,16.777014241259682
7,3414,12,11,587.2648335745297,430.3784370477569,3.365617840925552,-8.106057552730078,24.0,3613,8.77698994526761
7,3416,17,0,546.4022373540856,459.69601167315176,1.1753553786925297,-31.68162863000265,2.0,3614,31.70342336271629
7,3387,37,35,926.8002958579882,184.8409763313609,-1.942491625183834,-5.754336119720705,20.0,3598,6.073356394336797
7,3419,38,0,803.297717499173,522.1961627522329,20.59802718167805,23.464830155568507,3.0,3615,31.223020001383993
7,3390,36,35,892.7196367763904,196.95232690124857,-6.447100088759385,8.539287354516631,19.0,3599,10.699744299631131
7,3422,4,0,214.2321899736148,639.8160572936298,-10.121404940599348,3.932658773868411,10.0,3616,10.858574630368071
8,3616,4,0,204.11078503301545,643.7487160674982,-7.314915026244961,-2.9701107865232643,10.0,4056,7.89490594785056
8,3617,27,25,161.6222684703434,735.9157127991675,15.27957202045414,2.454941597560492,17.0,4059,15.475530988488822
8,3618,32,28,111.61998803111908,753.0849790544584,15.4199055859022,-4.719553522543492,14.0,4062,16.125993728458738
8,3620,26,25,201.7167113494191,757.1000893655049,2.6876096382352728,23.045743967828457,18.0,4066,23.201930105020075
8,3623,29,28,252.78223649010167,764.0010700909577,6.49833904946675,-7.375594001241211,13.0,4065,9.829943909960512
8,3598,37,35,924.8578042328044,179.0866402116402,-1.5400472234586005,-7.336306433269044,20.0,4013,7.496208210375917
8,3599,36,35,886.272536687631,205.4916142557652,0.8828260883941539,-1.5034439087620513,19.0,4016,1.7434808542519293
8,3601,1,0,913.1465798045602,222.46661237785017,20.959593034945783,-11.14562472352918,4.0,4019,23.738776098785983
8,3603,5,0,91.83129770992366,262.9865139949109,-6.857424076225982,-8.450390294564357,9.0,4025,10.88270927166904
8,3605,24,18,858.5240706886045,250.43814747105424,0.7433711718606446,-3.0556505310297557,16.0,4028,3.144773579597726
8,3607,19,18,800.9894789579158,284.1683366733467,-15.046287982895706,-4.388723458197603,15.0,4032,15.67327903333459
8,3609,13,11,592.7298994974874,379.7600502512563,7.508385647078853,5.6661710847357085,21.0,4039,9.406452561234484
8,3611,16,14,555.3879128601546,384.93394237526354,-10.633802247299627,2.1497646501475742,22.0,4035,10.84892797863912
8,3612,15,14,513.379896526238,398.3244641537325,3.3276133551848943,31.699910022815573,23.0,4046,31.87408518053825
8,3613,12,11,590.6304514154552,422.2723794950268,-1.9321273931088851,0.6982908960346776,24.0,4042,2.054440663218738
8,3614,17,0,547.5775927327782,428.0143830431491,7.74899858191543,28.026069068689083,2.0,4049,29.077612117666373
8,3615,38,0,823.8957446808511,545.6609929078014,-2.796062508068644,-25.352411572927053,3.0,4054,25.506131382710954
9,4032,19,18,785.9431909750201,279.7796132151491,11.569485081317907,13.311936080625571,15.0,4186,17.636910933082884
9,4065,29,28,259.2805755395684,756.6254760897165,6.886091127098268,-11.7921427563831,13.0,13183,13.65550737972119
9,4066,26,25,204.4043209876544,780.1458333333334,28.4290123456789,-11.3125,18.0,13181,30.597081547114314
9,4035,16,14,544.754110612855,387.0837070254111,-2.69609956313127,2.831348223207669,22.0,4190,3.9096656654217696
9,4039,13,11,600.2382851445662,385.426221335992,-10.14068597963933,-2.2231941961172765,21.0,4188,10.381527082818943
9,4042,12,11,588.6983240223464,422.9706703910615,-11.697169287935251,-3.3170907143871204,24.0,4191,12.15840697452133
9,4013,37,35,923.3177570093458,171.75033377837116,-1.1589273332747323,-9.47342677732624,20.0,4175,9.544051941873175
9,4046,15,14,516.7075098814229,430.02437417654806,4.681466496529879,10.519457844449336,23.0,4192,11.514127057631352
9,4016,36,35,887.1553627760252,203.98817034700315,6.984905151476824,1.0315302046122952,19.0,4180,7.0606624716208435
9,4049,17,0,555.3265913146936,456.0404521118382,-1.4973045165145322,1.539972774353032,2.0,4193,2.147891282379858
9,4019,1,0,934.106172839506,211.320987654321,16.86714035284035,-15.173958449889938,4.0,4178,22.688090239625758
9,4054,38,0,821.0996821727824,520.3085813348744,-41.081096874585455,-8.463366355678772,3.0,4195,41.943832567965345
9,4056,4,0,196.79587000677049,640.778605280975,11.147796773700662,4.367178262896687,10.0,4198,11.972703073560632
9,4025,5,0,84.97387363369768,254.53612370034656,-2.3911066434064168,1.0238277559641062,9.0,4182,2.6010794401603343
9,4059,27,25,176.90184049079755,738.370654396728,4.8205022423912,4.837046254031179,17.0,4199,6.828928051497955
9,4028,24,18,859.2674418604652,247.38249694002448,-6.7902729106934885,1.3486674435371526,16.0,4184,6.922911964986617
9,4062,32,28,127.03989361702128,748.3654255319149,-7.783483360611015,3.053377886888597,14.0,4204,8.360964642016423
10,4192,15,14,521.3889763779528,440.5438320209974,4.220642610179652,18.04892250742228,23.0,4512,18.53584170524227
10,4193,17,0,553.829286798179,457.5804248861912,-1.292090243754615,-7.936728723309443,2.0,4514,8.041216327484978
10,4195,38,0,780.018585298197,511.8452149791956,56.16656288695117,14.904035770055202,3.0,4549,58.11035250941888
10,4198,4,0,207.94366678047115,645.1457835438716,-4.172461772646358,-4.547661478143937,10.0,4555,6.17176329455282
10,4199,27,25,181.72234273318875,743.2077006507592,-18.51108542324724,8.093468939884133,17.0,4562,20.203082018039368
10,4204,32,28,119.25641025641026,751.4188034188035,-16.681770731389065,-3.165622757225833,14.0,4559,16.97947708781678
10,4175,37,35,922.158829676071,162.27690700104492,-10.894000157154665,-9.349770149106575,20.0,4486,14.356094220407243
10,4178,1,0,950.9733131923464,196.14702920443105,-9.757232790336388,-11.676342437261836,4.0,4487,15.216457026424294
10,4180,36,35,894.140267927502,205.01970055161544,9.49681967204276,-6.705707377554006,19.0,4489,11.625665370923102
10,4182,5,0,82.58276699029126,255.55995145631067,-1.694103433203452,-1.265893455905058,9.0,4495,2.114822140061659
10,4184,24,18,852.4771689497717,248.73116438356163,4.460033714357678,-14.20785325130663,16.0,4497,14.89144031797702
10,4186,19,18,797.512676056338,293.09154929577466,0.0,0.0,15.0,0,inf
10,4188,13,11,590.0975991649269,383.20302713987473,-0.2683548077139903,-4.194685628589127,21.0,4505,4.203260856230003
10,13181,26,25,232.8333333333333,768.8333333333334,-12.48670953912108,20.72293676312961,18.0,4568,24.194173331673188
10,4190,16,14,542.0580110497237,389.9150552486188,12.780888753812633,8.133078346666082,22.0,4507,15.149194062072837
10,4191,12,11,577.0011547344111,419.6535796766744,7.395370945347167,2.3758765166791136,24.0,4509,7.76764447189702
10,13183,29,28,266.1666666666667,744.8333333333334,-5.631991051454179,7.79530201342277,13.0,4564,9.616967125041711
11,4512,15,14,525.6096189881324,458.5927545284197,13.545617588156802,11.399802622032212,23.0,4721,17.7042157596962
11,4514,17,0,552.5371965544244,449.6436961628818,22.316221753802665,17.30184265519472,2.0,4722,28.23769665943047
11,4549,38,0,836.1851481851481,526.7492507492508,-69.04342516250779,-27.969186062393987,3.0,4723,74.49342203955747
11,4486,37,35,911.2648295189164,152.92713685193834,-4.621257232172411,-10.971590195951164,20.0,4710,11.905116960105747
11,4487,1,0,941.21608040201,184.4706867671692,-7.44105095560235,27.648276719285438,4.0,4713,28.63208767921144
11,4489,36,35,903.6370875995448,198.31399317406144,2.0057695433124536,-12.50384279812161,19.0,4711,12.663695992127161
11,4555,4,0,203.7712050078248,640.5981220657277,7.487950709256523,3.705763872209104,10.0,4724,8.354764610737126
11,4495,5,0,80.88866355708781,254.2940580004056,12.431370947980128,2.99147143673045,9.0,4714,12.786238109899974
11,4559,32,28,102.5746395250212,748.2531806615776,-6.38735899439304,-0.4662122651672007,14.0,4725,6.404350771112244
11,4497,24,18,856.9372026641294,234.523311132255,20.025700561677127,-23.68056919677113,16.0,4712,31.012868949341357
11,4562,27,25,163.21125730994152,751.3011695906433,-6.334455212955902,-2.7834762747849027,17.0,4726,6.91903627806898
11,4499,23,19,827.6547826086957,260.3591304347826,54.60879888023794,-18.40943224564782,25.0,4715,57.62836203423949
11,4564,29,28,260.5346756152125,752.6286353467561,0.0,0.0,13.0,0,inf
11,4502,20,19,773.0129716981132,286.6733490566038,9.432668775514344,-12.258924944655462,26.0,4716,15.467917798697378
11,4568,26,25,220.3466237942122,789.556270096463,-21.34919009019174,-2.0087936208427664,18.0,4728,21.443487806751023
11,4505,13,11,589.8292443572129,379.0083415112856,-20.176881173133324,13.522131125530391,21.0,4717,24.28898030076149
11,4507,16,14,554.8388998035364,398.04813359528487,-6.831135828381093,29.927021684218232,22.0,4720,30.696759496622118
11,4509,12,11,584.3965256797583,422.0294561933535,8.837119180054856,12.552319507581103,24.0,4719,15.35107163760545
12,4710,37,35,906.643572286744,141.95554665598718,-20.20771991416052,-19.26398250835976,20.0,5098,27.91868489401946
12,4711,36,35,905.6428571428572,185.81015037593983,1.7851871375855808,-1.3439757141932205,19.0,5099,2.234538842030314
12,4712,24,18,876.9629032258065,210.84274193548387,-10.595930748742262,4.710010358094138,16.0,5101,11.595600286552475
12,4713,1,0,933.7750294464076,212.11896348645465,-29.65982207313561,12.129884439812628,4.0,5105,32.044330886028355
12,4714,5,0,93.32003450506794,257.28552943713606,-6.582744610899027,-1.8607525124628523,9.0,5114,6.840681729546917
12,4715,23,19,882.2635814889336,241.9496981891348,-33.430248155600225,10.88363514419848,25.0,13602,35.15728951010081
12,13419,31,29,216.8333333333333,755.5,1.3333333333333428,8.0,27.0,13594,8.110350040397627
12,4716,20,19,782.4456404736276,274.41442411194834,-6.945640473627577,2.418909221384979,26.0,13600,7.3547973058538325
12,4717,13,11,569.6523631840796,392.530472636816,-30.84902442186467,-18.506042669389277,21.0,5123,35.97410072624553
12,13421,30,29,267.5,746.1666666666666,10.666666666666686,-5.3333333333332575,28.0,13596,11.925695879998862
12,4719,12,11,593.2336448598131,434.5817757009346,-19.67755894095876,-12.436190975397608,24.0,5127,23.2779975911045
12,4720,16,14,548.0077639751553,427.9751552795031,-20.14078431944324,2.8542656907629294,22.0,5129,20.342026094659232
12,4721,15,14,539.1552365762892,469.9925571504519,-2.421975237196307,7.170509804191738,23.0,5137,7.568498853907686
12,4722,17,0,574.8534183082271,466.9455388180765,-4.393560307134862,-6.066784039267134,2.0,5133,7.4906101721780605
12,4723,38,0,767.1417230226403,498.7800646868568,72.75786992172868,64.33119718559908,3.0,5141,97.11956840348716
12,4724,4,0,211.2591557170813,644.3038859379368,-11.708870595256514,-8.644995321036845,10.0,5143,14.554504275900692
12,4725,32,28,96.18728053062816,747.7869683964104,27.856009512661885,17.834552939396644,14.0,5148,33.07610231749882
12,4726,27,25,156.8768020969856,748.5176933158584,10.320616278109298,6.520271756275179,17.0,5146,12.20774607106711
12,4728,26,25,198.99743370402047,787.5474764756202,13.127106495664236,21.922308075089177,18.0,5150,25.55207459850629
13,13600,20,19,775.5,276.8333333333333,-28.881497377205505,1.602050548402474,26.0,5275,28.925895953438765
13,13602,23,19,848.8333333333334,252.8333333333333,-31.10254007911726,15.972413075161429,25.0,5273,34.96406696619665
13,5123,13,11,538.8033387622149,374.0244299674267,-8.86691019078637,16.225570032573273,21.0,5278,18.490300679367305
13,5127,12,11,573.5560859188544,422.145584725537,-8.899654383584675,-10.997037007694589,24.0,5281,14.147037537797878
13,5129,16,14,527.866979655712,430.829420970266,-4.5787906793341335,7.351681391938769,22.0,5284,8.660978199587845
13,5098,37,35,886.4358523725834,122.69156414762742,28.78844669283717,-1.6249245702198607,20.0,5257,28.83426855054991
13,5099,36,35,907.4280442804428,184.4661746617466,4.0950834728612335,8.54593987569828,19.0,5260,9.476433770609656
13,5101,24,18,866.3669724770642,215.552752293578,1.1263685767863765,16.66786148754528,16.0,5266,16.705876592946776
13,5133,17,0,570.4598580010922,460.87875477880937,2.249023577855155,-3.6419126735461873,2.0,5286,4.280377901013501
13,5105,1,0,904.115207373272,224.24884792626727,39.97039868733396,-26.86627216869158,4.0,5263,48.16045422820097
13,5137,15,14,536.7332613390929,477.1630669546436,-5.012714953207819,-5.6673355943704,23.0,5289,7.566108903612937
13,5141,38,0,839.899592944369,563.1112618724559,15.286986994008204,-51.268742187416535,3.0,5293,53.49930744257125
13,5143,4,0,199.5502851218248,635.6588906169,-10.379365526254333,-0.9646200343289592,10.0,5297,10.424093271753936
13,5114,5,0,86.73728989416891,255.4247769246732,-0.4226718873511856,-0.9665856273000202,9.0,5270,1.0549593827536616
13,5146,27,25,167.1974183750949,755.0379650721336,11.327514239460356,-8.48338286189096,17.0,5302,14.152044503413716
13,13594,31,29,218.16666666666663,763.5,6.666666666666657,-10.666666666666629,27.0,13734,12.578641509408769
13,5148,32,28,124.04329004329004,765.6215213358071,0.0,0.0,14.0,0,inf
13,13596,30,29,278.1666666666667,740.8333333333334,-16.0,4.0,28.0,13772,16.492422502470642
13,5150,26,25,212.1245401996847,809.4697845507094,1.0942938810327971,4.573264776644919,18.0,5309,4.702364279313857
14,5281,12,11,564.6564315352697,411.1485477178424,37.77207202767568,-28.57040044943392,24.0,5811,47.36029145924815
14,5284,16,14,523.2881889763779,438.1811023622048,26.172888867933462,-7.923617332264655,22.0,5814,27.34600196228619
14,5286,17,0,572.7088815789474,457.2368421052632,10.514912970318846,-14.252041266688764,2.0,5813,17.711128564853766
14,13734,31,29,224.8333333333333,752.8333333333334,8.0,6.666666666666629,27.0,13958,10.413666234542182
14,5257,37,35,915.2242990654206,121.06663957740756,3.964081216269392,-7.040231126703333,20.0,5803,8.079529330758216
14,5289,15,14,531.7205463858851,471.4957313602732,18.01840317209724,1.8771235539233544,23.0,5815,18.11591691604203
14,5260,36,35,911.523127753304,193.0121145374449,10.64353891336259,-8.178781204111601,19.0,13949,13.42301689580226
14,13772,30,29,262.1666666666667,744.8333333333334,24.0,0.0,28.0,13960,24.0
14,5293,38,0,855.1865799383772,511.84251968503935,-74.48394905875989,-3.174435709487966,3.0,5817,74.55156409802285
14,5263,1,0,944.085606060606,197.3825757575757,19.698930831073653,-14.426531801531697,4.0,5806,24.416647921203875
14,5297,4,0,189.17091959557047,634.694270582571,-3.761638967041137,-4.077035129587898,10.0,5833,5.547264475960753
14,5266,24,18,867.4933410538506,232.2206137811233,15.704497292014024,1.6412283241398598,16.0,5808,15.790024243389707
14,5299,40,0,1173.7268777157046,640.6797020484171,-100.8505450931034,-19.349211643299785,29.0,5820,102.68994321155938
14,5300,33,32,81.32222977566282,743.8783140720599,2.293732025155734,-3.810101248048909,30.0,5839,4.447255122388289
14,5270,5,0,86.31461800681772,254.4581912973732,6.369603741583134,-2.249022853876397,9.0,5807,6.754994864694435
14,5302,27,25,178.52493261455527,746.5545822102426,11.205611318499136,8.282237873439385,17.0,5845,13.934173431298667
14,5273,23,19,817.7307932542161,268.8057464084947,3.324892560555327,9.858966369934365,25.0,5809,10.404524420786034
14,5275,20,19,746.6185026227945,278.4353838817358,-0.0691225458385815,2.8566212486618383,26.0,5810,2.857457416069315
14,5308,34,32,159.16866359447005,774.1069124423963,49.37639135058484,10.408472172988354,31.0,5847,50.46151321335877
14,5309,26,25,213.2188340807175,814.0430493273543,0.4281654149961014,12.47031426316505,18.0,5851,12.47766257937345
14,5278,13,11,529.9364285714286,390.25,8.421731340948213,-2.0961117196056875,21.0,5812,8.67866597583855
15,13958,31,29,232.8333333333333,759.5,4.0,-14.666666666666629,27.0,14114,15.202339001321803
15,13960,30,29,286.1666666666667,744.8333333333334,50.02086811352251,-14.636338341680585,28.0,5973,52.118227587692985
15,5833,4,0,185.40928062852933,630.6172354529831,4.325999176823473,1.1732754959219849,10.0,5964,4.4822811454892415
15,5803,37,35,919.18838028169,114.02640845070422,-39.12642984204172,-10.86693602864186,20.0,5924,40.60748466520437
15,5806,1,0,963.7845368916796,182.956043956044,-38.21002610392247,14.871853685702092,4.0,5927,41.00217222186366
15,5807,5,0,92.68422174840086,252.2091684434968,0.0,0.0,9.0,0,inf
15,5839,33,32,83.61596180081855,740.068212824011,7.304540291231646,0.4778122805915927,30.0,5975,7.320151189812314
15,5808,24,18,883.1978383458646,233.86184210526315,-19.07525770070333,7.790231627455739,16.0,5929,20.604687941283007
15,5809,23,19,821.0556858147714,278.6647127784291,-12.15321420488499,13.8850534206357,25.0,5935,18.45251538418883
15,5810,20,19,746.5493800769559,281.2920051303976,-16.18744754884267,4.568886164896014,26.0,5934,16.819874521954993
15,5811,12,11,602.4285035629454,382.5781472684085,12.17599990125791,-2.983459046699465,24.0,5938,12.536187677231284
15,5812,13,11,538.3581599123768,388.1538882803943,-20.362936982440488,27.33071893828935,21.0,5945,34.08250871392261
15,5813,17,0,583.2237945492662,442.9848008385744,1.3993285738569057,8.96865261487909,2.0,5948,9.077160909887516
15,5845,27,25,189.7305439330544,754.836820083682,-10.230543933054406,-15.336820083682028,17.0,14112,18.435891067300997
15,5814,16,14,549.4610778443114,430.25748502994014,15.046694176414007,-29.04051611802305,22.0,5941,32.70710292948135
15,5815,15,14,549.7389495579823,473.3728549141966,-5.165817602497441,-20.128816758393725,23.0,5951,20.781119690605326
15,5847,34,32,208.5450549450549,784.5153846153846,28.25353162738324,-16.861674368034755,31.0,5981,32.90255479310361
15,5817,38,0,780.7026308796173,508.6680839755514,91.13151039462092,12.588841232204857,3.0,5956,91.99690815660361
15,5819,43,0,1125.310891089109,618.6026402640264,-64.69896079420278,13.4623731407994,32.0,5966,66.08472606005041
15,5851,26,25,213.6469994957136,826.5133635905194,3.23447818514839,-3.28350212310022,18.0,5983,4.609038437961272
15,5820,40,0,1072.8763326226012,621.3304904051173,-1.3763326226012396,72.83617626154933,29.0,14133,72.84917888275419
15,14172,44,0,1179.7517482517485,653.8216783216783,0.0,0.0,33.0,0,inf
15,13949,36,35,922.1666666666666,184.8333333333333,-26.05615246866205,-4.8172166794576015,19.0,5926,26.497710429525945
15,14174,45,0,1202.576923076923,647.1643356643357,0.0,0.0,34.0,0,inf
16,5956,38,0,871.8341412742383,521.2569252077562,-80.86473199153784,-10.843423098051517,3.0,6585,81.58850840986493
16,5960,48,0,1123.850569025235,610.1068777832756,0.0,0.0,35.0,0,inf
16,5964,4,0,189.7352798053528,631.7905109489051,30.709082212451364,-1.959403134859599,10.0,6588,30.7715289021523
16,5966,43,0,1060.6119302949062,632.0650134048258,-13.326524112303789,108.62657538022096,32.0,6599,109.44098466182876
16,5967,46,0,1108.961824953445,633.1191806331472,-35.9077397980941,77.24330498250299,36.0,6597,85.18153521760219
16,5969,51,0,1192.8603006189212,652.3297966401415,0.0,0.0,37.0,0,inf
16,5973,30,29,336.1875347801892,730.1969949916528,64.71588100308526,-29.290634567624465,28.0,6594,71.03581158387372
16,5975,33,32,90.9205020920502,740.5460251046026,-15.524350143357552,5.482588610246921,30.0,6605,16.46402822041966
16,5981,34,32,236.79858657243813,767.6537102473499,58.17089460762293,-25.757474235142357,31.0,6608,63.61839716957035
16,5983,26,25,216.881477680862,823.2298614674191,3.743913188431321,-10.365571286055795,18.0,6629,11.020977908008634
16,14112,27,25,179.5,739.5,-19.636315228966996,-5.481363152289646,17.0,6602,20.387011006487437
16,14114,31,29,236.8333333333333,744.8333333333334,10.929396894185686,-4.801914048392973,27.0,6611,11.937759211794711
16,5924,37,35,880.0619504396483,103.15947242206236,-21.611924275336374,-21.866432129022076,20.0,6524,30.744367369259734
16,5926,36,35,896.1105141980046,180.01611665387568,-0.5439905928543567,-0.265043692502303,19.0,6526,0.6051230652101188
16,5927,1,0,925.5745107877572,197.8278976417461,10.312383287646869,6.947685841198307,4.0,6528,12.434451641279798
16,5929,24,18,864.1225806451613,241.6520737327189,-15.16635168893231,4.599609768964598,16.0,6550,15.848489946336668
16,5931,8,7,104.91904761904762,241.15357142857144,7.755777555777541,-5.7934315684316005,38.0,14447,9.68069908802058
16,5932,9,7,67.95483870967742,253.73440860215047,14.286420031581317,-6.010632378374254,39.0,14445,15.499338660301891
16,5934,20,19,730.3619325281132,285.86089129529364,-18.16667144869245,5.727085887681369,26.0,6553,19.048030456968945
16,5935,23,19,808.9024716098864,292.5497661990648,-21.161230061023502,15.821469203516642,25.0,6554,26.421895190417175
16,5938,12,11,614.6045034642033,379.594688221709,14.977934648828068,-28.501741000784197,24.0,6557,32.19763603776444
16,5941,16,14,564.5077720207254,401.2169689119171,12.477787546061675,-13.772925590617431,22.0,6559,18.584635088409357
16,14133,40,0,1071.5,694.1666666666666,-11.997261107730084,97.7761209170218,29.0,6614,98.50941120353487
16,14197,6,5,88.8986013986014,276.25524475524475,22.3818943613464,-10.807756170769837,40.0,6551,24.854713610284936
16,5945,13,11,517.9952229299363,415.48460721868366,10.217813636041456,0.480416628693149,21.0,6562,10.22910140911701
16,5948,17,0,584.6231231231232,451.9534534534535,9.143436949969557,-8.784426500506981,2.0,6567,12.67945535900016
16,5951,15,14,544.5731319554849,453.24403815580285,12.967753904821734,-17.383731511850556,23.0,6569,21.68770994393196
17,6528,1,0,935.886894075404,204.7755834829444,0.0,0.0,4.0,0,inf
17,6594,30,29,400.90341578327445,700.9063604240283,43.98713445596002,0.324500819990817,28.0,6760,43.98833138945918
17,6597,46,0,1073.054085155351,710.3624856156501,2.3838051985699167,45.95534922126865,36.0,6763,46.01713430096974
17,6599,43,0,1047.2854061826024,740.6915887850467,5.736745716131509,84.28546817697861,32.0,6769,84.48047346709195
17,6602,27,25,159.863684771033,734.0186368477104,-30.1010265431849,7.599242899125102,17.0,6764,31.04545524860966
17,6605,33,32,75.39615194869265,746.0286137148495,-26.13832506103151,14.094160993560536,30.0,6766,29.6960841039446
17,6608,34,32,294.96948118006105,741.8962360122075,1.1001826514496995,4.613282011283786,31.0,6761,4.742654613419099
17,6611,31,29,247.76273022751897,740.0314192849404,-22.763391603180334,5.265538387017273,27.0,6765,23.36445787483402
17,6550,24,18,848.956228956229,246.2516835016835,-37.42908249158256,23.952230639730654,16.0,6746,44.436984244889345
17,6614,40,0,1059.50273889227,791.9427875836884,0.0,0.0,29.0,0,inf
17,6551,6,5,111.2804957599478,265.4474885844749,-0.8146710942717164,0.221902203043669,40.0,6747,0.844351573432246
17,6553,20,19,712.1952610794208,291.587977182975,20.748177834606395,-10.53933464903838,26.0,6748,23.271537514759807
17,6554,23,19,787.741241548863,308.3712354025814,-7.821667905452045,7.228570798968974,25.0,6749,10.650386125342383
17,6557,12,11,629.5824381130313,351.0929472209248,25.944862979012328,-23.985822935953426,24.0,6750,35.33349143397287
17,6559,16,14,576.9855595667871,387.44404332129966,8.081064392213534,-8.068002321940298,22.0,6751,11.419118318764173
17,6562,13,11,528.2130365659777,415.9650238473768,5.894806571277172,-20.061837572867034,21.0,6752,20.909951489969362
17,6629,26,25,220.6253908692933,812.8642901813633,-11.980034207112965,-8.779498795091513,18.0,6767,14.852636759061001
17,6567,17,0,593.7665600730927,443.1690269529465,-5.257826448638525,2.7370865841713794,2.0,6755,5.927594953541761
17,6569,15,14,557.5408858603066,435.8603066439523,0.7517576320135504,-10.649312302804276,23.0,6756,10.675813414440565
17,14445,9,7,82.24125874125873,247.7237762237762,-1.9020979020978928,2.8531468531468533,39.0,14658,3.4290557584832295
17,14447,8,7,112.67482517482516,235.36013986013984,-3.8041958041958,0.9510489510489606,38.0,14660,3.9212752803077033
17,6585,38,0,790.9694092827004,510.4135021097047,-63.67326490206062,-88.72441269214937,3.0,6753,109.2076282631155
17,6524,37,35,858.4500261643119,81.29304029304029,121.60208651174446,52.26400196048084,20.0,6742,132.3578231346184
17,6588,4,0,220.44436201780417,629.8311078140455,7.068553111347114,7.194986018321401,10.0,6759,10.086241465073867
17,6526,36,35,895.5665236051502,179.75107296137338,4.321744551274378,0.1020794727846521,19.0,6744,4.3229499401720775
17,6590,49,48,1080.9970703125,673.26171875,30.562728260727,-68.95160544744022,41.0,6758,75.42151054254023
17,6591,50,48,1060.2634146341463,681.3056910569105,-20.79466463414633,73.28930894308951,42.0,6762,76.18228719723658
18,14658,9,7,80.33916083916084,250.57692307692307,-0.9510489510489606,-0.9510489510489606,39.0,15104,1.3449863250541458
18,14660,8,7,108.87062937062936,236.3111888111888,-2.853146853146839,4.755244755244803,38.0,15106,5.54552068320955
18,6742,37,35,980.0521126760564,133.55704225352113,19.532748630948845,25.952125588509887,20.0,7253,32.48139608516887
18,6744,36,35,899.8882681564246,179.85315243415803,-17.93604593420241,-13.835930211935818,19.0,7251,22.65247687524208
18,6746,24,18,811.5271464646464,270.20391414141415,43.29328294329116,-24.425774909143517,16.0,7257,49.70841807903376
18,6747,6,5,110.46582466567608,265.6693907875186,3.7759443760929656,4.7212726031448256,40.0,7261,6.045508326398535
18,6748,20,19,732.9434389140272,281.04864253393663,24.30576575193254,-2.6944537746577453,26.0,7262,24.45465865497992
18,6749,23,19,779.9195736434109,315.5998062015504,-15.195689386422146,2.029914249651199,25.0,7269,15.330672776807926
18,139039,41,40,1080.1666666666667,808.8333333333333,43.10613463626487,19.79695982627584,43.0,7325,47.43478113834798
18,6750,12,11,655.5273010920437,327.1071242849714,45.09297723797624,-23.96199506031934,24.0,7266,51.0642125510167
18,6751,16,14,585.0666239590006,379.37604099935936,22.809103169502805,-3.5669452828072963,22.0,7276,23.086322488598398
18,6752,13,11,534.1078431372549,395.9031862745098,24.33555308916016,-28.42304724769747,21.0,7273,37.41775994097155
18,6753,38,0,727.2961443806398,421.68908941755535,-81.52474930443816,0.2093083940898736,3.0,7283,81.52501799543087
18,6755,17,0,588.5087336244542,445.9061135371179,1.2175950255152657,7.698040403016478,2.0,7289,7.793738749318815
18,139041,42,40,1069.5,796.8333333333333,18.686616399623063,-20.76076028903537,44.0,7319,27.93203895610647
18,6756,15,14,558.2926434923202,425.210994341148,14.458840816416,2.4794212652981287,23.0,7286,14.669887782981501
18,6758,49,48,1111.559798573227,604.3101133025598,0.0,0.0,41.0,0,inf
18,6759,4,0,227.51291512915128,637.0260938323669,2.369733877471248,0.9169525252490304,10.0,7293,2.5409526921207113
18,6760,30,29,444.89055023923447,701.2308612440191,13.223583409494095,3.316743723455716,28.0,7309,13.633192843751987
18,6761,34,32,296.06966383151075,746.5095180234913,12.346129883235449,-7.604602632677484,31.0,7314,14.50023807717117
18,6762,50,48,1039.46875,754.595,11.902607718536956,-45.51812461252325,42.0,7304,47.048610380568846
18,6763,46,0,1075.437890353921,756.3178348369188,1.947850048272585,-63.023502112969936,36.0,7306,63.0535957610197
18,6764,27,25,129.7626582278481,741.6178797468355,-12.759642546304065,2.498525560764051,17.0,7315,13.001965539380736
18,6765,31,29,224.99933862433863,745.2969576719577,-27.06170648903208,-10.212391075763207,27.0,7312,28.924537845622513
18,6766,33,32,49.25782688766114,760.12277470841,-19.16076142490719,9.640957421010626,30.0,7321,21.44954168218872
18,6767,26,25,208.64535666218035,804.0847913862718,-7.964810587095059,-38.30868217125476,18.0,7317,39.12790995423234
18,6769,43,0,1053.022151898734,824.9770569620254,17.65867951004202,17.85897075160051,32.0,7324,25.11517068118193
18,14653,2,1,939.1363636363636,169.73776223776224,-50.40559440559446,-47.55244755244756,45.0,15099,69.29617028097276
18,14655,3,1,965.7657342657342,183.05244755244755,-57.06293706293695,-46.60139860139861,46.0,15101,73.6740737156236
19,15104,9,7,79.38811188811188,249.6258741258741,0.9510489510489606,2.8531468531468533,39.0,15590,3.0074808516286713
19,15106,8,7,106.01748251748252,241.0664335664336,7.608391608391599,-4.755244755244803,38.0,15594,8.972177859858046
19,7300,54,0,1195.3909853249477,651.9727463312369,-81.46829456189539,-7.096240307140533,47.0,7699,81.77676714886961
19,7304,50,48,1051.371357718537,709.0768753874768,22.96086542884018,-108.45739162394636,42.0,7685,110.86120664647025
19,7306,46,0,1077.3857404021935,693.2943327239489,40.561134597806586,-89.26620772394881,36.0,7689,98.04928088097617
19,7309,30,29,458.11413364872857,704.5476049674749,8.089974181823436,-0.2427269186944158,28.0,7707,8.093614681934683
19,7312,31,29,197.93763213530656,735.0845665961945,-0.6470509729819298,11.399067338341297,27.0,7718,11.417417008486472
19,7314,34,32,308.4157937147462,738.9049153908138,-3.437789641426434,-1.3977870812415176,31.0,7710,3.7110923382724623
19,7251,36,35,881.9522222222222,166.01722222222222,-13.158603756505954,19.451209549671887,19.0,7634,23.484003188681
19,7315,27,25,117.00301568154404,744.1164053075995,-6.745283722781167,-7.3633593844505185,17.0,7715,9.985885735646692
19,7253,37,35,999.5848613070052,159.50916784203102,-21.583190463229244,69.5459700025805,20.0,7640,72.81810251696935
19,7317,26,25,200.6805460750853,765.7761092150171,4.255164351711102,39.09207014748972,18.0,7721,39.322975117306804
19,7319,42,40,1088.186616399623,776.0725730442979,33.633159196449924,50.52910998515517,44.0,7729,60.69909680897774
19,7257,24,18,854.8204294079376,245.77813923227063,44.58167415193293,-28.975550235506944,16.0,7643,53.17055746970791
19,7321,33,32,30.09706546275395,769.7637321294206,0.0,0.0,30.0,0,inf
19,7323,53,0,1192.8044996121023,803.7618308766486,-17.03828543412351,7.782663844316744,48.0,7725,18.731605031291377
19,7324,43,0,1070.680831408776,842.8360277136259,12.52998435657696,24.786337089307267,32.0,7735,27.77342280455962
19,7261,6,5,114.24176904176905,270.3906633906634,-6.082422194922202,-1.9419021294021377,40.0,7652,6.384891826605896
19,7325,41,40,1123.2728013029316,828.6302931596091,22.3555718659195,22.877802445633733,43.0,7733,31.986957313782383
19,7262,20,19,757.2492046659597,278.3541887592789,0.0,0.0,26.0,0,inf
19,7266,12,11,700.6202783300199,303.14512922465207,8.171239299004128,-15.13235456956778,24.0,7655,17.197595951199354
19,7269,23,19,764.7238842569888,317.6297204512016,-20.69931160741612,4.387373565892403,25.0,7663,21.15917171884578
19,7273,13,11,558.4433962264151,367.4801390268123,12.03322162904078,-10.51320468576364,21.0,7670,15.978920349584868
19,7276,16,14,607.8757271285034,375.80909571655206,20.93551981526184,-16.744059041735454,22.0,7666,26.807825408420282
19,7283,38,0,645.7713950762017,421.8983978116452,18.35028266466213,-12.04997588473492,3.0,7673,21.953013294208443
19,7286,15,14,572.7514843087362,427.69041560644615,2.40061612583645,-2.054490932375643,23.0,7679,3.159729541406945
19,7289,17,0,589.7263286499694,453.6041539401344,11.199169776053624,-3.602579963219398,2.0,7683,11.764352343595583
19,15099,2,1,888.7307692307692,122.18531468531468,-25.678321678321595,9.510489510489506,45.0,15688,27.3829438692134
19,7293,4,0,229.88264900662253,637.9430463576159,-7.813962137935647,-3.4948501094196445,10.0,7697,8.55990546562299
19,15101,3,1,908.7027972027972,136.45104895104893,-25.67832167832171,7.608391608391628,46.0,15690,26.781781626359564
20,7683,17,0,600.9254984260231,450.001573976915,-12.831557608737969,-13.562870360193472,2.0,8163,18.670841520236195
20,7685,50,48,1074.3322231473771,600.6194837635304,-9.057752247906135,34.462526818480114,42.0,8170,35.63297111523132
20,15688,2,1,863.0524475524476,131.6958041958042,22.825174825174717,-20.923076923076906,45.0,15957,30.96391050446928
20,7689,46,0,1117.946875,604.028125,0.0,0.0,36.0,0,inf
20,15690,3,1,883.0244755244755,144.05944055944056,23.776223776223677,-19.02097902097904,46.0,15959,30.448422947233063
20,7697,4,0,222.06868686868688,634.4481962481963,0.2309018690543496,-5.406120955567303,10.0,8168,5.411049755764284
20,7634,36,35,868.7936184657162,185.4684317718941,-19.883244002855577,-21.561740550285748,19.0,8119,29.330053658916633
20,7699,54,0,1113.9226907630523,644.8765060240963,-53.91137657680338,213.0982546373484,47.0,8190,219.811971134172
20,7640,37,35,978.001670843776,229.05513784461152,-2.2932734275963185,64.5265293347179,20.0,8141,64.56726795364607
20,7643,24,18,899.4021035598705,216.8025889967637,20.713281055513903,-7.120770814945502,16.0,15945,21.903090856856043
20,7707,30,29,466.204107830552,704.3048780487804,-1.9507556781172752,-6.8313424101071405,28.0,8171,7.104413194616092
20,7710,34,32,304.97800407331977,737.5071283095723,-11.834645384027796,-4.087584716828019,31.0,8176,12.520670117167708
20,7650,21,20,820.1166902404526,248.6817538896747,47.606184673161806,-47.63890661946044,49.0,8120,67.34845390231952
20,7715,27,25,110.25773195876288,736.753045923149,-1.9385585948134008,-10.770267507534754,17.0,8175,10.94333914348741
20,7652,6,5,108.15934684684684,268.44876126126127,-0.1418948398660404,-7.263769987264766,40.0,8136,7.265155784528573
20,7718,31,29,197.29058116232463,746.4836339345358,-32.138520802487136,7.315553529190311,27.0,8180,32.96061047387241
20,15590,9,7,80.33916083916084,252.47902097902096,-1.902097902097907,-7.608391608391599,39.0,15948,7.842550560615402
20,7655,12,11,708.791517629024,288.0127746550843,41.945091978927394,-32.49372440660278,24.0,8132,53.05876804952159
20,7656,22,20,784.2947067238913,282.8769670958512,42.21505890110871,-33.29591240835123,50.0,8129,53.76549991517493
20,7721,26,25,204.9357104267964,804.8681793625068,3.785522120146311,6.068267435759935,18.0,8183,7.152205771230403
20,15594,8,7,113.62587412587412,236.3111888111888,-3.8041958041958,-3.8041958041958415,38.0,15950,5.379945300216553
20,7725,53,0,1175.7662141779788,811.5444947209653,0.0,0.0,48.0,0,inf
20,7663,23,19,744.0245726495726,322.017094017094,6.976353276353279,8.137535612535657,25.0,8146,10.718628218282936
20,7729,42,40,1121.819775596073,826.601683029453,0.0,0.0,44.0,0,inf
20,7666,16,14,628.8112469437652,359.0650366748166,-37.05943347226264,11.789367470261084,22.0,8154,38.8894689425545
20,7733,41,40,1145.628373168851,851.5080956052428,0.0,0.0,43.0,0,inf
20,7670,13,11,570.4766178554559,356.96693434104867,-37.247645892839046,21.92506981263773,21.0,8158,43.2214739550535
20,7735,43,0,1083.210815765353,867.6223648029331,0.0,0.0,32.0,0,inf
20,7673,38,0,664.1216777408638,409.8484219269103,12.119309913457188,-89.20397748246586,3.0,8150,90.02348177820438
20,7679,15,14,575.1521004345726,425.6359246740705,-17.76152292697384,-13.744587288052289,23.0,8161,22.45852569525226
21,8129,22,20,826.509765625,249.5810546875,32.2540897966868,-17.84250047063253,50.0,8472,36.86029207232706
21,8132,12,11,750.7366096079514,255.5190502484815,59.04213857254342,-22.425891587637267,24.0,8473,63.157697398811806
21,8136,6,5,108.0174520069808,261.1849912739965,6.361199081707454,-7.085150594230186,40.0,8476,9.52177571149605
21,15945,24,18,920.1153846153844,209.6818181818182,19.53536165327239,-3.228683853459984,16.0,8464,19.800372581083884
21,15948,9,7,78.43706293706293,244.87062937062936,0.0,-1.9020979020978928,39.0,16252,1.9020979020978928
21,8141,37,35,975.7083974161797,293.58166717932943,-34.05292716665963,141.7561447208625,20.0,8486,145.7889104655767
21,15950,8,7,109.82167832167832,232.50699300699296,-2.853146853146839,-5.706293706293678,38.0,16255,6.379830313425942
21,15953,56,0,1201.625874125874,849.7377622377622,0.0,0.0,51.0,0,inf
21,8146,23,19,751.0009259259259,330.15462962962965,49.784088483296046,-28.608231935105152,25.0,8479,57.41851966539559
21,15957,2,1,885.8776223776223,110.77272727272728,13.314685314685336,17.11888111888112,45.0,16258,21.687252841046554
21,8150,38,0,676.240987654321,320.64444444444445,82.86929426939378,-82.20248756218905,3.0,8471,116.72432862997853
21,15959,3,1,906.8006993006992,125.03846153846152,8.559440559440645,20.92307692307693,46.0,16261,22.606175497407605
21,8154,16,14,591.7518134715026,370.8544041450777,-23.28486551088372,-0.429650277285873,22.0,8480,23.288829107980376
21,8158,13,11,533.2289719626168,378.8920041536864,-17.44620348568742,30.25417796146257,21.0,8483,34.923993187891035
21,8161,15,14,557.3905775075988,411.8913373860182,-12.866670403773696,24.676285564801447,23.0,8484,27.829306073902995
21,8163,17,0,588.0939408172851,436.4387036167215,-5.318891701371513,6.51463626540027,2.0,8488,8.410178036247933
21,8168,4,0,222.29958873774123,629.042075292629,4.3052850655659824,-0.0156755247148794,10.0,8493,4.305313602730998
21,8170,50,48,1065.274470899471,635.0820105820105,-25.267583847129345,73.57845773754866,42.0,8495,77.79614538335396
21,8171,30,29,464.25335215243473,697.4735356386733,-110.012093411176,21.019471354333632,28.0,16249,112.00213780426232
21,8175,27,25,108.31917336394947,725.9827784156142,28.03760130468088,0.8364410247392016,17.0,8497,28.050075231772727
21,8176,34,32,293.143358689292,733.4195435927443,5.294319712230447,-7.309172517577736,31.0,8498,9.025177234106017
21,8180,31,29,165.1520603598375,753.7991874637261,24.684584231773982,-0.4228077727768777,27.0,8499,24.688204979468743
21,8119,36,35,848.9103744628607,163.90669122160836,0.3222988044660724,-4.981655860929436,19.0,8457,4.992070876509353
21,8183,26,25,208.7212325469427,810.9364467982667,4.279856184684945,3.215975629604827,18.0,8502,5.353472537689732
21,8120,21,20,867.7228749136144,201.04284727021425,8.611268464271348,-5.189262823069697,49.0,8461,10.053974000893751
21,8186,57,0,1203.2434210526317,820.4157894736842,0.0,0.0,52.0,0,inf
21,8190,54,0,1060.011314186249,857.9747606614447,0.0,0.0,47.0,0,inf
22,16258,2,1,899.1923076923076,127.8916083916084,-10.461538461538453,3.8041958041957855,45.0,16755,11.131742572432636
22,16261,3,1,915.3601398601398,145.96153846153845,-0.9510489510490744,-7.608391608391599,46.0,16763,7.667601774605619
22,8457,36,35,849.2326732673267,158.92503536067892,-10.228601132364588,-15.07977648924205,19.0,8894,18.22152408802588
22,8461,21,20,876.3341433778858,195.85358444714456,-20.816671258926704,0.0795010547142567,49.0,8898,20.81682306981365
22,8464,24,18,939.6507462686568,206.4531343283582,15.120921951287189,-16.60504485957901,16.0,8896,22.458178809635257
22,8471,38,0,759.1102819237148,238.4419568822554,-28.869752485102254,-31.49261868052099,3.0,8897,42.722917034160574
22,8472,22,20,858.7638554216868,231.73855421686747,14.65367035150905,-3.741131536455072,50.0,8900,15.123693991341998
22,8473,12,11,809.7787481804949,233.09315866084424,7.861295583181345,-1.0614299956363595,24.0,8901,7.932628938869076
22,8476,6,5,114.37865108868826,254.09984067976632,22.3103293438555,-0.227544078324513,40.0,8902,22.31148967995818
22,8479,23,19,800.785014409222,301.5463976945245,35.988762764691046,-17.451968346698436,25.0,8904,39.997027945928394
22,8480,16,14,568.4669479606189,370.4247538677918,-1.7286559495995562,-2.5107042810149665,22.0,8905,3.0482597295494394
22,8483,13,11,515.7827684769294,409.146182115149,3.8022712221930983,-8.160808107626963,21.0,8906,9.003113651211327
22,8484,15,14,544.5239071038251,436.56762295081967,1.6389859779359313,-7.219195277863662,23.0,8907,7.402908583509565
22,8486,37,35,941.65547024952,435.3378119001919,-220.2500032791328,15.90820176723406,20.0,8909,220.82376418294533
22,8488,17,0,582.7750491159136,442.9533398821218,3.25444526610886,3.8163230392265177,2.0,8908,5.015549374677662
22,8493,4,0,226.6048738033072,629.0263997679141,-1.1082501077884217,-0.3778423707378806,10.0,8914,1.170889900262988
22,8495,50,48,1040.0068870523417,708.6604683195592,17.609059791512436,-49.42193011357915,42.0,8915,52.46528531221918
22,8497,27,25,136.35677466863035,726.8192194403534,24.843491909177036,3.5919768275572324,17.0,8921,25.101820407513337
22,8498,34,32,298.4376784015224,726.1103710751665,42.10098592185193,-3.3748701964319707,31.0,8919,42.236036324858176
22,8499,31,29,189.83664459161147,753.3763796909492,53.62081929281865,-10.686973591430728,27.0,8923,54.675439332272866
22,8502,26,25,213.00108873162765,814.1524224278716,13.143391787852863,0.4395689141198318,18.0,8931,13.150740227046484
22,8503,58,0,1042.1498685363715,823.6538124452235,-97.8731720608323,-17.08358624848495,53.0,8933,99.35294020993395
22,16249,30,29,354.2412587412587,718.4930069930069,-87.44375394279422,45.83808705689705,28.0,8924,98.72963247497486
22,16252,9,7,78.43706293706293,242.96853146853147,25.678321678321662,-3.804195804195814,39.0,16760,25.958584513259293
22,16255,8,7,106.96853146853148,226.80069930069928,17.11888111888112,-3.8041958041957855,38.0,16758,17.53647617051514
23,8896,24,18,954.771668219944,189.8480894687792,-18.667810653178435,-14.20417255483261,16.0,9447,23.45731597072398
23,8897,38,0,730.2405294386125,206.9493382017344,28.127989079906,37.58584698345081,3.0,9450,46.945496729107994
23,8898,21,20,855.5174721189591,195.9330855018588,-10.0716195843969,-16.982624672365716,49.0,9448,19.744545115430032
23,8900,22,20,873.4175257731958,227.9974226804124,25.203879977602924,-12.502215012680807,50.0,9449,28.13433749262127
23,8901,12,11,817.6400437636762,232.03172866520788,-24.01416963780207,23.300439166959933,24.0,17206,33.46028703950902
23,8902,6,5,136.68898043254376,253.8722966014418,-1.4550623038887809,19.55119267731061,40.0,9454,19.60526310492981
23,8904,23,19,836.773777173913,284.09442934782606,-7.875216964488914,9.306094212383355,25.0,9455,12.191080006608477
23,8905,16,14,566.7382920110193,367.91404958677685,22.732136637922626,-14.12077774738458,22.0,9525,26.760911799044063
23,8906,13,11,519.5850396991225,400.985374007522,22.83319474371399,-20.08378211171879,21.0,9529,30.409095450462907
23,8907,15,14,546.162893081761,429.348427672956,0.3492442776232565,3.3869186858361786,23.0,9534,3.4048773472650753
23,8908,17,0,586.0294943820224,446.7696629213483,-4.487594940681674,4.241510263009218,2.0,9540,6.1748617525289005
23,8909,37,35,721.4054669703872,451.246013667426,-59.800400764284745,-142.00306605660273,20.0,9517,154.08101343463753
23,8914,4,0,225.4966236955188,628.6485573971762,6.348404671157852,3.023284943821068,10.0,9552,7.031535658752929
23,8915,50,48,1057.615946843854,659.23853820598,14.626887551050231,-31.928824830183885,42.0,9557,35.119733690158235
23,8919,34,32,340.53866432337435,722.7355008787346,123.43329406649453,-30.3962878529544,31.0,9573,127.12085745205377
23,8921,27,25,161.20026657780738,730.4111962679107,5.073526035828991,0.2841162320893318,17.0,9582,5.081475028923322
23,8923,31,29,243.45746388443013,742.6894060995185,28.00288307963433,-7.613197921079859,27.0,9586,29.019342572794535
23,8924,30,29,266.7975047984645,764.331094049904,-0.254026537594882,-9.24522448468656,28.0,9624,9.248713708081265
23,8928,59,0,1046.2665346534654,784.3017821782179,61.52461117986786,-106.2924071782179,54.0,9565,122.81430537430886
23,8931,26,25,226.1444805194805,814.5919913419914,-7.662347791176472,3.677435770884358,18.0,9632,8.49912392673073
23,8933,58,0,944.2766964755392,806.5702261967385,-5.140332839175585,26.04865492214253,53.0,17191,26.550997061322708
23,16755,2,1,888.7307692307692,131.6958041958042,-5.70629370629365,-2.8531468531468533,45.0,17200,6.379830313425923
23,16758,8,7,124.0874125874126,222.9965034965035,-4.75524475524476,19.020979020979013,38.0,17197,19.60637640153852
23,16760,9,7,104.1153846153846,239.16433566433565,-15.2167832167832,18.06993006993005,39.0,17195,23.62356586543905
23,16763,3,1,914.4090909090908,138.35314685314685,-0.9510489510487332,-2.8531468531468533,46.0,17202,3.0074808516286
23,8894,36,35,839.0040721349621,143.84525887143687,-19.213118589729905,-29.601371340874508,19.0,9445,35.29001432704968
24,9540,17,0,581.5418994413408,451.0111731843575,-6.5519891274394695,7.275822331337565,2.0,10011,9.791126192796996
24,9552,4,0,231.84502836667664,631.6718423409973,-25.541632966895776,-0.1957561781641743,10.0,10013,25.542383113110386
24,9557,50,48,1072.2428343949043,627.3097133757962,-8.634706673569099,-27.12321119872797,42.0,10012,28.464482167595833
24,9624,30,29,266.5434782608696,755.0858695652174,-5.480575035063168,6.317356241234165,28.0,10020,8.36335414732737
24,9565,59,0,1107.7911458333333,678.009375,-0.2407196969697906,-35.03494318181811,54.0,10015,35.035770146034075
24,9632,26,25,218.48213272830404,818.2694271128757,-0.3963321240744335,-6.798732248827378,18.0,10022,6.8102745424702755
24,9445,36,35,819.7909535452322,114.24388753056236,-5.242002496281202,-6.324307110981962,19.0,17899,8.214344198110728
24,9573,34,32,463.97195838986886,692.3392130257802,8.370465852555355,6.409776873209694,31.0,10017,10.54276710134152
24,9447,24,18,936.1038575667656,175.64391691394658,0.3549828054606223,-10.61385249018133,16.0,9985,10.6197870729832
24,17191,58,0,939.1363636363636,832.6188811188811,115.31073781291173,-162.17033039424336,53.0,10016,198.98688980718333
24,9448,21,20,845.4458525345622,178.9504608294931,50.52648269733368,-14.95371550809358,49.0,9988,52.692874862365954
24,9449,22,20,898.6214057507988,215.4952076677316,4.291145689530481,-4.973602729459998,50.0,9989,6.568915849610799
24,9450,38,0,758.3685185185185,244.5351851851852,82.71203703703702,6.652592592592555,3.0,9992,82.97914231310904
24,17195,9,7,88.8986013986014,257.2342657342657,15.2167832167832,4.755244755244803,39.0,17909,15.94248550724943
24,9517,37,35,661.6050662061025,309.24294761082325,92.11128218700412,-138.12976642777713,20.0,9982,166.02506039609253
24,17197,8,7,119.33216783216784,242.0174825174825,6.657342657342639,4.755244755244746,38.0,17911,8.181232421802758
24,9454,6,5,135.23391812865498,273.4234892787524,5.314220510626143,9.640267674606603,40.0,10005,11.007983488070128
24,9582,27,25,166.27379261363637,730.6953125,0.0,0.0,17.0,0,inf
24,9455,23,19,828.8985602094241,293.4005235602094,-41.3128459237098,11.921797868362034,25.0,10006,42.99861047441262
24,17200,2,1,883.0244755244755,128.84265734265733,-27.58041958041963,-30.433566433566423,45.0,17901,41.0716631036326
24,9586,31,29,271.46034696406446,735.0762081784386,-1.0431327722116066,3.453358181613908,27.0,10019,3.6074656908945912
24,17202,3,1,913.458041958042,135.5,-30.43356643356651,-32.33566433566432,46.0,17903,44.40492263133739
24,9525,16,14,589.470428648942,353.7932718393923,10.259185084963631,28.68258652970644,22.0,10009,30.462134669809952
24,17206,12,11,793.6258741258741,255.3321678321678,-35.157186253110694,20.71852799288192,24.0,10001,40.80790545259273
24,9529,13,11,542.4182344428365,380.9015918958032,17.805554643613505,-4.797361362388131,21.0,10008,18.440511169922623
24,9534,15,14,546.5121373593843,432.7353463587922,4.834771731524825,3.5111990957533408,23.0,10010,5.975243659129779
25,9985,24,18,936.4588403722262,165.03006442376525,-11.65314522984761,-5.299187818516828,16.0,10075,12.8014524677412
25,9988,21,20,895.9723352318958,163.99674532139952,-19.86332690487086,-12.195836918674305,49.0,10074,23.308586269370043
25,9989,22,20,902.9125514403293,210.5216049382716,3.615565919083906,-11.819893446829129,50.0,10076,12.360509617715413
25,9992,38,0,841.0805555555555,251.18777777777777,-2.66496589481244,51.96811882965355,3.0,10081,52.0364047366217
25,10001,12,11,758.4686878727634,276.05069582504973,8.90504462361514,-17.581840199747944,24.0,10078,19.708397310741677
25,10005,6,5,140.54813863928112,283.063756953359,-13.560865912008396,2.011515773913686,40.0,10080,13.70924067890614
25,10006,23,19,787.5857142857143,305.32232142857146,-7.085714285714289,-8.822321428571456,25.0,138857,11.315507161758445
25,10008,13,11,560.22378908645,376.1042305334151,5.039832267430029,-21.524703841065048,21.0,10082,22.106849271874754
25,10009,16,14,599.7296137339056,382.4758583690987,9.2197960468701,-18.911496367974507,22.0,10083,21.039233208978757
25,10010,15,14,551.3469090909091,436.2465454545455,-14.498384500745146,25.788208643815157,23.0,10084,29.584368477092593
25,10011,17,0,574.9899103139013,458.2869955156951,-4.894297265532373,-2.8612362356050767,2.0,10085,5.669287302592555
25,10012,50,48,1063.6081277213352,600.1865021770682,31.47009913655256,-1.693672972374543,42.0,10086,31.51564163715849
25,10013,4,0,206.30339539978087,631.4760861628331,-2.2968994120085995,0.1547888849314631,10.0,10087,2.3021091433256973
25,10015,59,0,1107.5504261363635,642.9744318181819,0.0,0.0,54.0,0,inf
25,10016,58,0,1054.4471014492754,670.4485507246377,0.0,0.0,53.0,0,inf
25,10017,34,32,472.3424242424242,698.7489898989899,9.9287265720792,-6.115779179073911,31.0,10089,11.66114772697377
25,10019,31,29,270.41721419185285,738.5295663600525,-5.25066082679507,-2.2161741098825587,27.0,10091,5.699198786088623
25,10020,30,29,261.06290322580645,761.4032258064516,47.94133662882717,-24.05313495242376,28.0,10090,53.63697473569921
25,10022,26,25,218.0858006042296,811.4706948640484,-10.585528717334569,4.353122427958169,18.0,10092,11.445658264088932
25,17899,36,35,814.548951048951,107.9195804195804,-11.992786665389415,-2.8231420634160145,19.0,10073,12.32059507945014
25,17901,2,1,855.4440559440559,98.4090909090909,-19.020979020978984,-24.727272727272734,45.0,18189,31.196725139755433
25,17903,3,1,883.0244755244755,103.16433566433568,-22.825174825174827,-30.43356643356645,46.0,18191,38.041958041958054
25,9970,61,0,905.3894637817498,57.1829727187206,28.040606148320197,39.3240202882724,55.0,18193,48.29755858009462
25,17909,9,7,104.1153846153846,261.9895104895105,-16.16783216783216,4.755244755244746,39.0,18274,16.85263034927993
25,17911,8,7,125.98951048951048,246.77272727272725,-14.26573426573428,5.706293706293707,38.0,18276,15.364666023153003
25,9982,37,35,753.7163483931066,171.11318118304612,154.4757045870258,67.1691035851658,20.0,10077,168.44711865773425
26,18189,2,1,836.4230769230769,73.68181818181817,23.776223776223787,-38.993006993006986,45.0,18956,45.6701588722194
26,18191,3,1,860.1993006993007,72.73076923076923,26.629370629370555,-39.94405594405594,46.0,18959,48.006780618765234
26,18193,61,0,933.43006993007,96.506993006993,24.13302996328241,14.978609552551958,55.0,10398,28.403553991296363
26,10073,36,35,802.5561643835616,105.09643835616438,17.450913472859042,-15.236478801058212,19.0,10393,23.166455648033637
26,10074,21,20,876.109008327025,151.8009084027252,-12.10551182352856,53.1256650238482,49.0,18951,54.4874269968377
26,10075,24,18,924.8056951423786,159.73087660524843,-6.11169206703255,-21.334156974289957,16.0,10402,22.19231925071991
26,10076,22,20,906.5281173594132,198.70171149144247,-4.264405864296805,2.5191750600226044,50.0,10405,4.952918367840204
26,10077,37,35,908.1920529801324,238.28228476821192,100.00887348194055,93.7744610337569,20.0,10424,137.09640519465995
26,10078,12,11,767.3737324963786,258.4688556253018,5.0889231052811965,-29.13151122696155,24.0,10411,29.57265772192367
26,10080,6,5,126.98727272727272,285.0752727272727,-16.214545454545444,-25.93890909090908,40.0,18968,30.589842907801373
26,10081,38,0,838.4155896607431,303.1558966074313,-108.05339787992114,52.07478832407554,3.0,10429,119.94715658319633
26,10082,13,11,565.26362135388,354.57952669235004,-31.41452419136931,9.23646642888815,21.0,10433,32.74423067140386
26,18274,9,7,87.94755244755244,266.74475524475525,-15.216783216783211,-5.706293706293707,39.0,18964,16.25153159948509
26,10083,16,14,608.9494097807757,363.5643620011242,-8.947196167051288,8.049362403967109,22.0,10437,12.035138319192532
26,10084,15,14,536.848524590164,462.0347540983607,-1.736917447306837,7.567924473067876,23.0,10443,7.764686925357557
26,18276,8,7,111.7237762237762,252.47902097902096,-20.92307692307692,-11.412587412587357,38.0,18966,23.833218401612093
26,10085,17,0,570.0956130483689,455.42575928009,-1.5573726803413592,-2.0445056860704653,2.0,10439,2.570099835774496
26,10086,50,48,1095.0782268578878,598.4928292046936,22.105983668428053,-0.080548502939223,42.0,10446,22.106130416925833
26,10087,4,0,204.00649598777227,631.6308750477646,-3.688714944421776,-3.149243894201049,10.0,10452,4.850191238122795
26,10089,34,32,482.2711508145034,692.633210719916,44.40815787488685,-23.76619199692027,31.0,10457,50.36781083068185
26,10090,30,29,309.0042398546336,737.3500908540278,58.90858909273487,-34.588029450519,28.0,10463,68.31217790530947
26,10091,31,29,265.1665533650578,736.31339225017,2.783848779714333,-1.010443188507793,27.0,10467,2.961555244380691
26,138857,23,19,780.5,296.5,-20.160839160839146,-17.391608391608372,25.0,18953,26.62569206830666
26,10092,26,25,207.50027188689504,815.8238172920065,-6.4576256321109895,5.645838257473997,18.0,10476,8.577669755478691
26,10093,62,0,1128.5913669064748,826.8028776978417,-55.35720098319212,-72.84168233655714,56.0,10472,91.48950970637796
27,10433,13,11,533.8490971625107,363.8159931212382,0.0,0.0,21.0,0,inf
27,10437,16,14,600.0022136137244,371.6137244050913,0.0,0.0,22.0,0,inf
27,10439,17,0,568.5382403680276,453.38125359401954,0.0,0.0,2.0,0,inf
27,18951,21,20,864.0034965034964,204.9265734265734,0.0,0.0,49.0,0,inf
27,18953,23,19,760.3391608391609,279.1083916083916,0.0,0.0,25.0,0,inf
27,10443,15,14,535.1116071428571,469.60267857142856,0.0,0.0,23.0,0,inf
27,18956,2,1,860.1993006993007,34.68881118881119,0.0,0.0,45.0,0,inf
27,10446,50,48,1117.1842105263158,598.4122807017544,0.0,0.0,42.0,0,inf
27,18959,3,1,886.8286713286712,32.78671328671329,0.0,0.0,46.0,0,inf
27,10452,4,0,200.3177810433505,628.4816311535635,0.0,0.0,10.0,0,inf
27,18964,9,7,72.73076923076923,261.03846153846155,0.0,0.0,39.0,0,inf
27,18966,8,7,90.80069930069928,241.0664335664336,0.0,0.0,38.0,0,inf
27,18968,6,5,110.77272727272728,259.1363636363636,0.0,0.0,40.0,0,inf
27,10393,36,35,820.0070778564207,89.85995955510617,0.0,0.0,19.0,0,inf
27,10457,34,32,526.6793086893903,668.8670187229957,0.0,0.0,31.0,0,inf
27,10398,61,0,957.5630998933524,111.48560255954496,0.0,0.0,55.0,0,inf
27,10463,30,29,367.9128289473685,702.7620614035088,0.0,0.0,28.0,0,inf
27,10402,24,18,918.694003075346,138.39671963095847,0.0,0.0,16.0,0,inf
27,10467,31,29,267.9504021447721,735.3029490616622,0.0,0.0,27.0,0,inf
27,10405,22,20,902.2637114951164,201.22088655146507,0.0,0.0,50.0,0,inf
27,10472,62,0,1073.2341659232827,753.9611953612846,0.0,0.0,56.0,0,inf
27,10411,12,11,772.4626556016598,229.33734439834024,0.0,0.0,24.0,0,inf
27,10476,26,25,201.04264625478405,821.4696555494805,0.0,0.0,18.0,0,inf
27,10479,63,0,1149.8698083067093,815.9257188498402,0.0,0.0,57.0,0,inf
27,10424,37,35,1008.200926462073,332.0567458019688,0.0,0.0,20.0,0,inf
27,10429,38,0,730.362191780822,355.23068493150686,0.0,0.0,3.0,0,inf
