spot_id,track_id_unique,track_id_parent
2194,1,0
2132,1,0
2115,1,0
2158,1,0
2097,1,0
2141,1,0
2200,1,0
2173,1,0
2066,1,0
2069,1,0
2157,1,0
2087,1,0
2247,1,0
2264,1,0
2260,1,0
11322,1,0
11370,1,0
2324,1,0
11475,1,0
11519,1,0
11532,1,0
11541,1,0
11551,1,0
11563,1,0
11568,1,0
11575,1,0
11591,1,0
11599,1,0
138961,1,0
11609,1,0
11617,1,0
11631,1,0
11641,1,0
11651,1,0
11660,1,0
11822,1,0
11886,1,0
11903,1,0
11911,1,0
11935,1,0
11957,1,0
11974,1,0
11986,1,0
12008,1,0
12028,1,0
12035,1,0
12126,1,0
12146,1,0
12175,1,0
10952,1,0
10956,1,0
12207,1,0
12233,1,0
12248,1,0
12268,1,0
12278,1,0
12285,1,0
12295,1,0
12318,1,0
12335,1,0
12342,1,0
12354,1,0
12361,1,0
12479,1,0
12486,1,0
12493,1,0
12502,1,0
12506,1,0
12524,1,0
2889,1,0
2830,1,0
2846,1,0
2841,1,0
2941,1,0
12573,1,0
2876,1,0
2871,1,0
12588,1,0
12605,1,0
12616,1,0
12624,1,0
19092,1,0
12651,1,0
12666,1,0
3027,1,0
3093,1,0
12703,1,0
3034,1,0
3082,1,0
3054,1,0
3061,1,0
3133,1,0
3081,1,0
3185,1,0
3109,1,0
3154,1,0
3138,1,0
3279,1,0
3209,1,0
3286,1,0
3223,1,0
3356,1,0
3346,1,0
3388,1,0
12951,1,0
3252,1,0
3396,1,0
3269,1,0
3455,1,0
3293,1,0
3328,1,0
3355,1,0
3392,1,0
3412,1,0
3520,1,0
3556,1,0
3487,1,0
3472,1,0
3570,1,0
3491,1,0
3591,1,0
3634,1,0
3516,1,0
3525,1,0
3710,1,0
3732,1,0
3723,1,0
3622,1,0
3601,1,0
3664,1,0
3648,1,0
3643,1,0
3690,1,0
3825,1,0
3784,1,0
3773,1,0
3810,1,0
3950,1,0
3857,1,0
3807,1,0
3835,1,0
3837,1,0
3916,1,0
3971,1,0
4019,1,0
3906,1,0
3913,1,0
3976,1,0
4112,1,0
4018,1,0
4000,1,0
4012,1,0
4133,1,0
4071,1,0
4083,1,0
4103,1,0
4257,1,0
4144,1,0
4273,1,0
4167,1,0
4178,1,0
4329,1,0
4196,1,0
4216,1,0
4226,1,0
4242,1,0
4349,1,0
4283,1,0
4408,1,0
4309,1,0
4327,1,0
4342,1,0
4367,1,0
4440,1,0
4441,1,0
4413,1,0
4487,1,0
4482,1,0
4519,1,0
4561,1,0
4526,1,0
4534,1,0
4476,1,0
4598,1,0
4657,1,0
4730,1,0
4621,1,0
4620,1,0
4672,1,0
4677,1,0
4757,1,0
4749,1,0
4713,1,0
4835,1,0
4828,1,0
4787,1,0
4789,1,0
4807,1,0
4916,1,0
13480,1,0
4889,1,0
4870,1,0
5000,1,0
4935,1,0
4948,1,0
4982,1,0
4988,1,0
5051,1,0
5105,1,0
5047,1,0
5010,1,0
5174,1,0
5050,1,0
5108,1,0
5147,1,0
5084,1,0
5342,1,0
5181,1,0
5208,1,0
5213,1,0
5262,1,0
5390,1,0
5251,1,0
5418,1,0
5263,1,0
5312,1,0
5322,1,0
5350,1,0
5528,1,0
5401,1,0
5395,1,0
5456,1,0
5468,1,0
13839,1,0
5511,1,0
5569,1,0
5543,1,0
5644,1,0
5606,1,0
5626,1,0
5806,1,0
5741,1,0
5636,1,0
5703,1,0
5702,1,0
5700,1,0
5732,1,0
5893,1,0
5940,1,0
5818,1,0
5832,1,0
5849,1,0
6069,1,0
5915,1,0
5959,1,0
6034,1,0
5927,1,0
5977,1,0
6222,1,0
6044,1,0
6055,1,0
6072,1,0
6141,1,0
6173,1,0
6288,1,0
6202,1,0
6228,1,0
6360,1,0
6313,1,0
6444,1,0
6302,1,0
6366,1,0
6528,1,0
6372,1,0
6388,1,0
6491,1,0
6420,1,0
6537,1,0
6564,2,1
14504,2,1
14512,2,1
14538,2,1
14548,2,1
14558,2,1
14563,2,1
14606,2,1
14629,2,1
14648,2,1
14653,2,1
14664,2,1
14674,2,1
14685,2,1
14723,2,1
14753,2,1
14787,2,1
14814,2,1
14841,2,1
14913,2,1
14945,2,1
14958,2,1
14996,2,1
15030,2,1
15068,2,1
15090,2,1
15099,2,1
15110,2,1
15126,2,1
15141,2,1
15156,2,1
15199,2,1
15183,2,1
15212,2,1
15231,2,1
15251,2,1
15272,2,1
15297,2,1
15325,2,1
15337,2,1
15361,2,1
15378,2,1
15688,2,1
15695,2,1
15701,2,1
15710,2,1
15722,2,1
15739,2,1
15758,2,1
15779,2,1
15808,2,1
15815,2,1
15834,2,1
15864,2,1
15875,2,1
15886,2,1
15899,2,1
15919,2,1
15957,2,1
15973,2,1
15987,2,1
15994,2,1
16011,2,1
16023,2,1
16042,2,1
16049,2,1
16060,2,1
16072,2,1
16161,2,1
16173,2,1
16187,2,1
16199,2,1
16215,2,1
16226,2,1
16258,2,1
16266,2,1
16278,2,1
16298,2,1
16315,2,1
16474,2,1
16496,2,1
16516,2,1
19210,2,1
16575,2,1
16628,2,1
16639,2,1
16685,2,1
16692,2,1
16727,2,1
16735,2,1
16755,2,1
16781,2,1
16787,2,1
16805,2,1
16825,2,1
16837,2,1
16847,2,1
16856,2,1
16882,2,1
16947,2,1
17026,2,1
17058,2,1
17079,2,1
17084,2,1
17164,2,1
17174,2,1
17200,2,1
17306,2,1
17322,2,1
17452,2,1
17465,2,1
17481,2,1
17562,2,1
17658,2,1
17670,2,1
17775,2,1
17794,2,1
17818,2,1
17837,2,1
17852,2,1
17869,2,1
17884,2,1
17901,2,1
17923,2,1
17931,2,1
17941,2,1
17960,2,1
17999,2,1
18017,2,1
18047,2,1
18066,2,1
18073,2,1
18086,2,1
18098,2,1
18113,2,1
18134,2,1
18151,2,1
18171,2,1
18189,2,1
18572,2,1
18598,2,1
18623,2,1
18636,2,1
18649,2,1
18669,2,1
18798,2,1
18838,2,1
18848,2,1
18861,2,1
18879,2,1
18890,2,1
18916,2,1
18932,2,1
18939,2,1
18956,2,1
6566,3,1
14509,3,1
14514,3,1
14540,3,1
14550,3,1
14560,3,1
14565,3,1
14610,3,1
14631,3,1
14650,3,1
14655,3,1
14666,3,1
14676,3,1
14687,3,1
14725,3,1
14755,3,1
14789,3,1
14816,3,1
14838,3,1
14916,3,1
14947,3,1
14966,3,1
14998,3,1
15032,3,1
15070,3,1
15092,3,1
15101,3,1
15115,3,1
15128,3,1
15143,3,1
15158,3,1
15202,3,1
15185,3,1
15214,3,1
15233,3,1
15253,3,1
15269,3,1
15299,3,1
15327,3,1
15339,3,1
15363,3,1
15380,3,1
15690,3,1
15697,3,1
15704,3,1
15712,3,1
15724,3,1
15741,3,1
15761,3,1
15784,3,1
15810,3,1
15817,3,1
15836,3,1
15867,3,1
15877,3,1
15888,3,1
15901,3,1
15921,3,1
15959,3,1
15975,3,1
15990,3,1
15996,3,1
16013,3,1
16025,3,1
16045,3,1
16051,3,1
16062,3,1
16074,3,1
16158,3,1
16175,3,1
16189,3,1
16201,3,1
16217,3,1
16228,3,1
16261,3,1
16268,3,1
16280,3,1
16300,3,1
16317,3,1
16479,3,1
16498,3,1
16521,3,1
19212,3,1
16577,3,1
16630,3,1
16641,3,1
16687,3,1
16694,3,1
16729,3,1
16737,3,1
16763,3,1
16783,3,1
16790,3,1
16807,3,1
16828,3,1
16839,3,1
16853,3,1
16858,3,1
16885,3,1
17019,3,1
17028,3,1
17060,3,1
17081,3,1
17086,3,1
17166,3,1
17176,3,1
17202,3,1
17304,3,1
17360,3,1
17454,3,1
17467,3,1
17483,3,1
17566,3,1
17660,3,1
17674,3,1
17779,3,1
17798,3,1
17820,3,1
17841,3,1
17854,3,1
17871,3,1
17887,3,1
17903,3,1
17925,3,1
17933,3,1
17943,3,1
17962,3,1
18001,3,1
18019,3,1
18049,3,1
18068,3,1
18075,3,1
18088,3,1
18100,3,1
18115,3,1
18136,3,1
18154,3,1
18173,3,1
18191,3,1
18574,3,1
18601,3,1
18625,3,1
18638,3,1
18657,3,1
18672,3,1
18800,3,1
18840,3,1
18850,3,1
18863,3,1
18881,3,1
18892,3,1
18918,3,1
18934,3,1
18941,3,1
18959,3,1
10587,4,0
10631,4,0
10655,4,0
10686,4,0
10839,4,0
10870,4,0
10903,4,0
10990,4,0
11023,4,0
11125,4,0
11136,4,0
11143,4,0
11149,4,0
141468,4,0
11211,4,0
11302,4,0
11375,4,0
11408,4,0
11466,4,0
11492,4,0
11524,4,0
11548,4,0
11555,4,0
11558,4,0
11572,4,0
11580,4,0
11586,4,0
2417,4,0
11606,4,0
2435,4,0
11622,4,0
11626,4,0
11636,4,0
11656,4,0
11666,4,0
11810,4,0
11894,4,0
11908,4,0
11925,4,0
11942,4,0
11952,4,0
11967,4,0
11991,4,0
11996,4,0
12013,4,0
12114,4,0
12131,4,0
12151,4,0
12180,4,0
10908,4,0
10977,4,0
12197,4,0
12212,4,0
12256,4,0
2682,4,0
2671,4,0
2746,4,0
2814,4,0
2767,4,0
2705,4,0
2694,4,0
2722,4,0
2801,4,0
2779,4,0
2766,4,0
2809,4,0
2879,4,0
2826,4,0
2928,4,0
2911,4,0
2837,4,0
2861,4,0
2851,4,0
2956,4,0
2951,4,0
2901,4,0
2895,4,0
3015,4,0
2932,4,0
2971,4,0
2985,4,0
2996,4,0
3123,4,0
3018,4,0
3037,4,0
3139,4,0
3203,4,0
3048,4,0
3110,4,0
3062,4,0
3073,4,0
3187,4,0
3094,4,0
3197,4,0
3134,4,0
3168,4,0
3164,4,0
3303,4,0
3217,4,0
3310,4,0
3230,4,0
3394,4,0
3372,4,0
3445,4,0
3245,4,0
3262,4,0
3421,4,0
3281,4,0
3465,4,0
3322,4,0
3340,4,0
3371,4,0
3422,4,0
3444,4,0
3552,4,0
3583,4,0
3506,4,0
3481,4,0
3579,4,0
3509,4,0
3604,4,0
3652,4,0
3544,4,0
3555,4,0
3761,4,0
3766,4,0
3748,4,0
3655,4,0
3616,4,0
3705,4,0
3689,4,0
3683,4,0
3725,4,0
3895,4,0
3800,4,0
3787,4,0
3844,4,0
3965,4,0
3894,4,0
3840,4,0
3879,4,0
3882,4,0
3953,4,0
4001,4,0
4056,4,0
3929,4,0
3937,4,0
3993,4,0
4130,4,0
4060,4,0
4030,4,0
4053,4,0
4158,4,0
4081,4,0
4098,4,0
4116,4,0
4276,4,0
4160,4,0
4302,4,0
4183,4,0
4198,4,0
4400,4,0
4211,4,0
4230,4,0
4245,4,0
4259,4,0
4383,4,0
4301,4,0
4432,4,0
4321,4,0
4339,4,0
4378,4,0
4396,4,0
4465,4,0
4466,4,0
4439,4,0
4555,4,0
4518,4,0
4580,4,0
4595,4,0
4566,4,0
4573,4,0
4503,4,0
4613,4,0
4669,4,0
4742,4,0
4645,4,0
4646,4,0
4698,4,0
4702,4,0
4778,4,0
4770,4,0
4724,4,0
4917,4,0
4871,4,0
4813,4,0
4854,4,0
4890,4,0
4931,4,0
4841,4,0
4950,4,0
4896,4,0
5070,4,0
4966,4,0
4974,4,0
5002,4,0
5020,4,0
5075,4,0
5143,4,0
5126,4,0
5038,4,0
5201,4,0
5077,4,0
5155,4,0
5166,4,0
5115,4,0
5379,4,0
5196,4,0
5231,4,0
5239,4,0
5296,4,0
5423,4,0
5276,4,0
5477,4,0
5297,4,0
5328,4,0
5357,4,0
5374,4,0
5598,4,0
5440,4,0
5437,4,0
5490,4,0
5501,4,0
5549,4,0
5529,4,0
5597,4,0
5581,4,0
5676,4,0
5627,4,0
5689,4,0
5833,4,0
5794,4,0
5668,4,0
5750,4,0
5752,4,0
5748,4,0
5788,4,0
5905,4,0
6009,4,0
5843,4,0
5873,4,0
5883,4,0
6177,4,0
5936,4,0
5997,4,0
6122,4,0
5964,4,0
6015,4,0
6259,4,0
6084,4,0
6110,4,0
6151,4,0
6170,4,0
6206,4,0
6306,4,0
6238,4,0
6275,4,0
6452,4,0
6338,4,0
6523,4,0
6347,4,0
6402,4,0
6588,4,0
6416,4,0
6462,4,0
6512,4,0
6457,4,0
6555,4,0
6592,4,0
6625,4,0
6932,4,0
6868,4,0
6652,4,0
6704,4,0
6685,4,0
6731,4,0
6829,4,0
6877,4,0
6759,4,0
6906,4,0
7015,4,0
6820,4,0
6895,4,0
7002,4,0
7180,4,0
6973,4,0
7041,4,0
7132,4,0
7129,4,0
7235,4,0
7090,4,0
7149,4,0
7205,4,0
7268,4,0
7293,4,0
7326,4,0
7563,4,0
7354,4,0
7391,4,0
7415,4,0
7493,4,0
7443,4,0
7482,4,0
7751,4,0
7581,4,0
7700,4,0
7668,4,0
7538,4,0
7798,4,0
7658,4,0
7697,4,0
7745,4,0
7807,4,0
7884,4,0
7844,4,0
7898,4,0
8108,4,0
7928,4,0
7956,4,0
8241,4,0
8066,4,0
7980,4,0
8100,4,0
8051,4,0
8004,4,0
8203,4,0
8168,4,0
8179,4,0
8398,4,0
8239,4,0
8255,4,0
8284,4,0
8341,4,0
8317,4,0
8356,4,0
8560,4,0
8425,4,0
8397,4,0
8593,4,0
8438,4,0
8581,4,0
8481,4,0
8493,4,0
8530,4,0
8661,4,0
8613,4,0
8865,4,0
8636,4,0
8731,4,0
8684,4,0
8930,4,0
8719,4,0
8818,4,0
8803,4,0
9065,4,0
8810,4,0
8867,4,0
8851,4,0
8914,4,0
8953,4,0
9007,4,0
9253,4,0
9031,4,0
9155,4,0
9052,4,0
9068,4,0
9114,4,0
9122,4,0
9179,4,0
9248,4,0
9204,4,0
9401,4,0
9315,4,0
9286,4,0
9552,4,0
9614,4,0
9330,4,0
9358,4,0
9381,4,0
9466,4,0
9425,4,0
9533,4,0
9538,4,0
9539,4,0
9599,4,0
9613,4,0
9665,4,0
9678,4,0
9892,4,0
9707,4,0
10013,4,0
9774,4,0
9953,4,0
9750,4,0
9790,4,0
9984,4,0
9803,4,0
9912,4,0
9856,4,0
9885,4,0
9990,4,0
10040,4,0
10307,4,0
10126,4,0
10064,4,0
10163,4,0
10087,4,0
10277,4,0
10139,4,0
10196,4,0
10235,4,0
10216,4,0
10250,4,0
10291,4,0
10474,4,0
10338,4,0
10395,4,0
10441,4,0
10438,4,0
10361,4,0
10508,4,0
10503,4,0
10452,4,0
2203,5,0
2135,5,0
2117,5,0
2165,5,0
2099,5,0
2142,5,0
2208,5,0
2179,5,0
2068,5,0
2074,5,0
2164,5,0
2089,5,0
2248,5,0
2263,5,0
2261,5,0
2269,5,0
2297,5,0
2327,5,0
2286,5,0
2316,5,0
2360,5,0
2320,5,0
2304,5,0
2298,5,0
2335,5,0
2389,5,0
2390,5,0
2384,5,0
2413,5,0
2429,5,0
2442,5,0
2564,5,0
2485,5,0
2443,5,0
2522,5,0
2502,5,0
2543,5,0
2463,5,0
2467,5,0
2531,5,0
2527,5,0
2484,5,0
2514,5,0
2621,5,0
2569,5,0
2584,5,0
2598,5,0
2613,5,0
2593,5,0
2636,5,0
2633,5,0
2654,5,0
2713,5,0
2737,5,0
2676,5,0
2665,5,0
2728,5,0
2788,5,0
2747,5,0
2699,5,0
2687,5,0
2710,5,0
2789,5,0
2765,5,0
2744,5,0
2800,5,0
2867,5,0
2820,5,0
2916,5,0
2893,5,0
2831,5,0
2849,5,0
2842,5,0
2944,5,0
2939,5,0
2881,5,0
2875,5,0
3002,5,0
2921,5,0
2963,5,0
2978,5,0
2991,5,0
3111,5,0
3006,5,0
3028,5,0
3097,5,0
3177,5,0
3036,5,0
3092,5,0
3055,5,0
3063,5,0
3140,5,0
3083,5,0
3183,5,0
3113,5,0
3150,5,0
3144,5,0
3295,5,0
3210,5,0
3288,5,0
3224,5,0
3373,5,0
3347,5,0
3393,5,0
3237,5,0
3253,5,0
3400,5,0
3270,5,0
3456,5,0
3294,5,0
3329,5,0
3358,5,0
3397,5,0
3420,5,0
3531,5,0
3562,5,0
3492,5,0
3473,5,0
3571,5,0
3494,5,0
3592,5,0
3636,5,0
3519,5,0
3529,5,0
3715,5,0
3737,5,0
3726,5,0
3624,5,0
3603,5,0
3674,5,0
3653,5,0
3649,5,0
3697,5,0
3836,5,0
3786,5,0
3774,5,0
3813,5,0
3952,5,0
3866,5,0
3811,5,0
3841,5,0
3845,5,0
3922,5,0
3972,5,0
4025,5,0
3907,5,0
3918,5,0
3979,5,0
4121,5,0
4027,5,0
4003,5,0
4021,5,0
4134,5,0
4072,5,0
4087,5,0
4105,5,0
4261,5,0
4145,5,0
4278,5,0
4169,5,0
4182,5,0
4344,5,0
4200,5,0
4218,5,0
4234,5,0
4244,5,0
4358,5,0
4286,5,0
4410,5,0
4310,5,0
4331,5,0
4348,5,0
4373,5,0
4445,5,0
4447,5,0
4414,5,0
4495,5,0
4491,5,0
4529,5,0
4586,5,0
4537,5,0
4546,5,0
4478,5,0
4603,5,0
4659,5,0
4732,5,0
4625,5,0
4624,5,0
4680,5,0
4683,5,0
4762,5,0
4751,5,0
4714,5,0
4844,5,0
4837,5,0
4790,5,0
4792,5,0
4831,5,0
4918,5,0
4811,5,0
4895,5,0
4872,5,0
5025,5,0
4938,5,0
4954,5,0
4983,5,0
4989,5,0
5053,5,0
5114,5,0
5074,5,0
5014,5,0
5176,5,0
5054,5,0
5118,5,0
5151,5,0
5090,5,0
5346,5,0
5183,5,0
5211,5,0
5221,5,0
5269,5,0
5394,5,0
5253,5,0
5427,5,0
5270,5,0
5315,5,0
5335,5,0
5356,5,0
5553,5,0
5412,5,0
5404,5,0
5465,5,0
5475,5,0
5525,5,0
5513,5,0
5575,5,0
5550,5,0
5653,5,0
5611,5,0
5638,5,0
5807,5,0
5749,5,0
5639,5,0
5710,5,0
5709,5,0
5706,5,0
5740,5,0
5895,5,0
5947,5,0
5822,5,0
5838,5,0
5857,5,0
6077,5,0
5917,5,0
143306,6,5
6039,6,5
14197,6,5
14207,6,5
14214,6,5
14236,6,5
6064,6,5
6085,6,5
14248,6,5
14263,6,5
14273,6,5
6210,6,5
6253,6,5
6384,6,5
6323,6,5
6492,6,5
6307,6,5
6370,6,5
6551,6,5
6379,6,5
6399,6,5
6497,6,5
6430,6,5
6540,6,5
6574,6,5
6606,6,5
6870,6,5
6793,6,5
6642,6,5
6683,6,5
14590,6,5
6721,6,5
6773,6,5
6823,6,5
6747,6,5
6810,6,5
6972,6,5
6790,6,5
6848,6,5
6975,6,5
7068,6,5
6958,6,5
7029,6,5
7085,6,5
7084,6,5
7217,6,5
7069,6,5
7107,6,5
7170,6,5
15087,6,5
7261,6,5
7296,6,5
7526,6,5
7345,6,5
7372,6,5
7386,6,5
7467,6,5
7425,6,5
7469,6,5
7669,6,5
7539,6,5
15307,6,5
15330,6,5
15352,6,5
7773,6,5
7622,6,5
7652,6,5
7698,6,5
7785,6,5
15683,6,5
15732,6,5
7859,6,5
8081,6,5
7905,6,5
7932,6,5
8177,6,5
8035,6,5
7960,6,5
8045,6,5
8023,6,5
15907,6,5
8140,6,5
8136,6,5
8149,6,5
8364,6,5
8210,6,5
8229,6,5
8276,6,5
8312,6,5
8302,6,5
8342,6,5
8526,6,5
8403,6,5
8387,6,5
8557,6,5
8429,6,5
8550,6,5
8458,6,5
8476,6,5
8512,6,5
8654,6,5
8583,6,5
8777,6,5
8614,6,5
8715,6,5
8677,6,5
8910,6,5
8707,6,5
8770,6,5
8756,6,5
8989,6,5
8764,6,5
8828,6,5
8804,6,5
8902,6,5
8942,6,5
8975,6,5
9221,6,5
9002,6,5
9148,6,5
9020,6,5
9034,6,5
9080,6,5
9100,6,5
9172,6,5
9236,6,5
9197,6,5
9394,6,5
9291,6,5
9256,6,5
9454,6,5
9531,6,5
9304,6,5
9336,6,5
9363,6,5
9441,6,5
9417,6,5
9498,6,5
9504,6,5
9502,6,5
9577,6,5
9592,6,5
9647,6,5
9661,6,5
9866,6,5
9699,6,5
10005,6,5
9749,6,5
9928,6,5
9730,6,5
17970,6,5
138479,6,5
18033,6,5
9878,6,5
9830,6,5
9850,6,5
9954,6,5
10032,6,5
10292,6,5
10109,6,5
10056,6,5
10141,6,5
10080,6,5
138503,6,5
138534,6,5
138543,6,5
138552,6,5
18664,6,5
18681,6,5
18795,6,5
10428,6,5
10323,6,5
18875,6,5
10396,6,5
18902,6,5
18911,6,5
18926,6,5
18948,6,5
18968,6,5
143379,7,5
6036,8,7
5931,8,7
14205,8,7
14216,8,7
14234,8,7
6060,8,7
6080,8,7
14246,8,7
14261,8,7
14271,8,7
14304,8,7
14313,8,7
14321,8,7
14333,8,7
14345,8,7
14365,8,7
14442,8,7
14447,8,7
14457,8,7
14467,8,7
14476,8,7
14485,8,7
14494,8,7
14499,8,7
19200,8,7
14522,8,7
14534,8,7
14545,8,7
14555,8,7
14573,8,7
14617,8,7
14636,8,7
14645,8,7
14660,8,7
14671,8,7
14681,8,7
14697,8,7
14735,8,7
14762,8,7
14796,8,7
14822,8,7
14846,8,7
14910,8,7
14954,8,7
14985,8,7
15010,8,7
15050,8,7
15076,8,7
15085,8,7
15106,8,7
15122,8,7
15134,8,7
15150,8,7
15166,8,7
15174,8,7
15192,8,7
15219,8,7
15241,8,7
15258,8,7
15266,8,7
15310,8,7
15334,8,7
15358,8,7
15374,8,7
15576,8,7
15594,8,7
15616,8,7
15660,8,7
15678,8,7
15730,8,7
15749,8,7
15772,8,7
15789,8,7
15800,8,7
15831,8,7
15855,8,7
15872,8,7
15882,8,7
15894,8,7
15909,8,7
15943,8,7
15950,8,7
15964,8,7
15984,8,7
16001,8,7
16019,8,7
16030,8,7
16039,8,7
16055,8,7
16068,8,7
16081,8,7
16166,8,7
16182,8,7
16194,8,7
16207,8,7
16223,8,7
16231,8,7
16255,8,7
16273,8,7
16283,8,7
16310,8,7
16320,8,7
16491,8,7
16501,8,7
16550,8,7
19206,8,7
16572,8,7
16614,8,7
16648,8,7
16661,8,7
16702,8,7
16722,8,7
16741,8,7
16758,8,7
16774,8,7
16793,8,7
16812,8,7
16831,8,7
17063,8,7
16842,8,7
16863,8,7
16870,8,7
17023,8,7
17040,8,7
17052,8,7
17076,8,7
17091,8,7
17171,8,7
17181,8,7
17197,8,7
17311,8,7
17447,8,7
17459,8,7
17472,8,7
17486,8,7
17575,8,7
17667,8,7
17690,8,7
17765,8,7
17814,8,7
17831,8,7
17849,8,7
17862,8,7
17879,8,7
17894,8,7
17911,8,7
17920,8,7
17938,8,7
17950,8,7
138421,8,7
17994,8,7
18031,8,7
18059,8,7
19220,8,7
18080,8,7
138494,8,7
18105,8,7
18122,8,7
18144,8,7
18162,8,7
18184,8,7
18276,8,7
138506,8,7
138513,8,7
138540,8,7
138549,8,7
18662,8,7
138530,8,7
18793,8,7
18845,8,7
138524,8,7
18873,8,7
18887,8,7
18900,8,7
18909,8,7
18924,8,7
18946,8,7
18966,8,7
6037,9,7
5932,9,7
14203,9,7
14218,9,7
14232,9,7
6062,9,7
6082,9,7
14244,9,7
14259,9,7
14269,9,7
14295,9,7
14311,9,7
14319,9,7
14331,9,7
14343,9,7
14363,9,7
14440,9,7
14445,9,7
14455,9,7
14465,9,7
14474,9,7
14479,9,7
14489,9,7
14497,9,7
19198,9,7
14520,9,7
14532,9,7
14543,9,7
14553,9,7
14592,9,7
14613,9,7
14634,9,7
14643,9,7
14658,9,7
14669,9,7
14679,9,7
14695,9,7
14730,9,7
14760,9,7
14794,9,7
14819,9,7
14844,9,7
14908,9,7
14952,9,7
14983,9,7
15005,9,7
15041,9,7
15073,9,7
15083,9,7
15104,9,7
15118,9,7
15131,9,7
15148,9,7
15164,9,7
15171,9,7
15190,9,7
15217,9,7
15237,9,7
15256,9,7
15263,9,7
15305,9,7
15332,9,7
15356,9,7
15372,9,7
15572,9,7
15590,9,7
15614,9,7
15658,9,7
15676,9,7
15728,9,7
15747,9,7
15770,9,7
15787,9,7
15798,9,7
15829,9,7
15853,9,7
15870,9,7
15880,9,7
15890,9,7
15905,9,7
15933,9,7
15948,9,7
15962,9,7
15982,9,7
15999,9,7
16016,9,7
16032,9,7
16037,9,7
16057,9,7
16066,9,7
16078,9,7
16164,9,7
16180,9,7
16192,9,7
16205,9,7
16221,9,7
16235,9,7
16252,9,7
16271,9,7
16285,9,7
16312,9,7
16322,9,7
16493,9,7
16503,9,7
16552,9,7
19204,9,7
16570,9,7
16622,9,7
16644,9,7
16663,9,7
16700,9,7
16724,9,7
16743,9,7
16760,9,7
16776,9,7
16795,9,7
16814,9,7
16834,9,7
17065,9,7
16844,9,7
16865,9,7
16868,9,7
17021,9,7
17038,9,7
17046,9,7
17073,9,7
17089,9,7
17169,9,7
17179,9,7
17195,9,7
17309,9,7
17445,9,7
17457,9,7
17470,9,7
17490,9,7
17573,9,7
17665,9,7
17688,9,7
17763,9,7
17812,9,7
17829,9,7
17847,9,7
17860,9,7
17875,9,7
17892,9,7
17909,9,7
17918,9,7
17936,9,7
17948,9,7
17972,9,7
17990,9,7
18029,9,7
18055,9,7
19218,9,7
18078,9,7
138486,9,7
18103,9,7
18120,9,7
18142,9,7
18160,9,7
18181,9,7
18274,9,7
138499,9,7
138515,9,7
138538,9,7
138547,9,7
18660,9,7
138528,9,7
18791,9,7
18843,9,7
138522,9,7
18870,9,7
18885,9,7
18898,9,7
18907,9,7
18922,9,7
18944,9,7
18964,9,7
10589,10,0
10633,10,0
10657,10,0
10684,10,0
10772,10,0
10872,10,0
10905,10,0
10992,10,0
11119,10,0
11130,10,0
11138,10,0
11145,10,0
11151,10,0
141466,10,0
11296,10,0
11304,10,0
11377,10,0
11418,10,0
11468,10,0
11494,10,0
11526,10,0
11546,10,0
2311,10,0
11560,10,0
2350,10,0
11582,10,0
11588,10,0
2419,10,0
2423,10,0
2436,10,0
11624,10,0
11628,10,0
11638,10,0
11658,10,0
11668,10,0
11812,10,0
11892,10,0
11906,10,0
11923,10,0
11940,10,0
11950,10,0
11969,10,0
11993,10,0
11998,10,0
12015,10,0
12116,10,0
12133,10,0
12153,10,0
12185,10,0
10910,10,0
10979,10,0
12199,10,0
12214,10,0
12258,10,0
10585,11,0
10629,11,0
10651,11,0
10680,11,0
2108,11,0
2146,11,0
2236,11,0
2192,11,0
2071,11,0
2080,11,0
2176,11,0
2094,11,0
2250,11,0
2267,11,0
2280,11,0
11314,11,0
2302,11,0
2331,11,0
11473,11,0
2369,11,0
2362,11,0
2323,11,0
2307,11,0
2303,11,0
2341,11,0
2395,11,0
2396,11,0
2388,11,0
2415,11,0
2431,11,0
2447,11,0
2567,11,0
2489,11,0
2446,11,0
2535,11,0
2505,11,0
11882,11,0
11899,11,0
11920,11,0
11930,11,0
11947,11,0
11964,11,0
11979,11,0
12003,11,0
12020,11,0
2587,11,0
12121,11,0
12141,11,0
12161,11,0
2641,11,0
10984,11,0
2657,11,0
2719,11,0
2749,11,0
2679,11,0
2668,11,0
2734,11,0
2794,11,0
2758,11,0
2702,11,0
2690,11,0
2716,11,0
2795,11,0
2774,11,0
2756,11,0
2806,11,0
2872,11,0
2823,11,0
2922,11,0
2902,11,0
2834,11,0
2857,11,0
2847,11,0
2950,11,0
2945,11,0
2891,11,0
2885,11,0
3008,11,0
2924,11,0
2967,11,0
2979,11,0
2992,11,0
3115,11,0
3010,11,0
3030,11,0
3105,11,0
3179,11,0
3043,11,0
3098,11,0
3057,11,0
3069,11,0
3153,11,0
3085,11,0
3190,11,0
3120,11,0
3160,11,0
3157,11,0
3300,11,0
3213,12,11
3307,12,11
3227,12,11
3381,12,11
3350,12,11
3439,12,11
3241,12,11
3259,12,11
3413,12,11
3276,12,11
3462,12,11
3319,12,11
3336,12,11
3365,12,11
3414,12,11
3432,12,11
3542,12,11
3566,12,11
3498,12,11
3478,12,11
3576,12,11
3503,12,11
3597,12,11
3644,12,11
3533,12,11
3546,12,11
3757,12,11
3747,12,11
3740,12,11
3630,12,11
3613,12,11
3692,12,11
3676,12,11
3671,12,11
3716,12,11
3885,12,11
3797,12,11
3781,12,11
3829,12,11
3962,12,11
3883,12,11
3823,12,11
3868,12,11
3872,12,11
3945,12,11
3982,12,11
4042,12,11
3919,12,11
3930,12,11
3988,12,11
4126,12,11
4048,12,11
4014,12,11
4036,12,11
4148,12,11
4077,12,11
4094,12,11
4111,12,11
4269,12,11
4153,12,11
4294,12,11
4174,12,11
4191,12,11
4359,12,11
4207,12,11
13195,12,11
13206,12,11
4252,12,11
4371,12,11
4293,12,11
4424,12,11
4316,12,11
4335,12,11
4363,12,11
4384,12,11
13303,12,11
4459,12,11
4425,12,11
4509,12,11
4504,12,11
4541,12,11
4591,12,11
4548,12,11
4556,12,11
4488,12,11
4609,12,11
4665,12,11
4738,12,11
4637,12,11
4636,12,11
4687,12,11
4693,12,11
4768,12,11
4759,12,11
4719,12,11
4859,12,11
4852,12,11
4798,12,11
4801,12,11
4850,12,11
4927,12,11
4820,12,11
4910,12,11
4883,12,11
5036,12,11
4952,12,11
4964,12,11
4995,12,11
4992,12,11
5061,12,11
5127,12,11
5087,12,11
5022,12,11
5193,12,11
5062,12,11
5130,12,11
5159,12,11
5096,12,11
5353,12,11
5187,12,11
5218,12,11
5230,12,11
5280,12,11
5403,12,11
5261,12,11
5436,12,11
5281,12,11
5319,12,11
5339,12,11
5364,12,11
5565,12,11
5425,12,11
5421,12,11
5473,12,11
5485,12,11
5533,12,11
5517,12,11
5582,12,11
5561,12,11
5662,12,11
5619,12,11
5649,12,11
5811,12,11
5773,12,11
5648,12,11
5720,12,11
5718,12,11
5714,12,11
5751,12,11
5898,12,11
5958,12,11
5825,12,11
5848,12,11
5867,12,11
6092,12,11
5920,12,11
5972,12,11
6043,12,11
5938,12,11
5994,12,11
6237,12,11
6054,12,11
6076,12,11
6097,12,11
6154,12,11
6195,12,11
6295,12,11
6216,12,11
6260,12,11
6398,12,11
6329,12,11
6499,12,11
6334,12,11
6376,12,11
6557,12,11
6391,12,11
6413,12,11
6503,12,11
6438,12,11
6543,12,11
6580,12,11
6617,12,11
6886,12,11
6802,12,11
6645,12,11
6689,12,11
6671,12,11
6724,12,11
6777,12,11
6835,12,11
6750,12,11
6865,12,11
6996,12,11
14692,12,11
14720,12,11
14746,12,11
14781,12,11
14808,12,11
14833,12,11
14904,12,11
14942,12,11
14980,12,11
14992,12,11
15038,12,11
7179,12,11
7250,12,11
7266,12,11
7303,12,11
7533,12,11
7347,12,11
7374,12,11
7390,12,11
7471,12,11
7428,12,11
7472,12,11
7672,12,11
7548,12,11
7617,12,11
7638,12,11
7508,12,11
7778,12,11
7624,12,11
7655,12,11
7704,12,11
7787,12,11
7868,12,11
7834,12,11
7861,12,11
15767,12,11
7910,12,11
7935,12,11
8182,12,11
8039,12,11
7964,12,11
8049,12,11
8021,12,11
7995,12,11
8139,12,11
8132,12,11
8147,12,11
8362,12,11
8208,12,11
8227,12,11
8275,12,11
8310,12,11
8301,12,11
8340,12,11
8525,12,11
8388,12,11
8384,12,11
8558,12,11
8430,12,11
8554,12,11
8460,12,11
8473,12,11
8510,12,11
8650,12,11
8579,12,11
8771,12,11
8609,12,11
8712,12,11
8675,12,11
8895,12,11
8705,12,11
8763,12,11
8750,12,11
8984,12,11
8760,12,11
8822,12,11
8798,12,11
8901,12,11
8940,12,11
8970,12,11
9220,12,11
8998,12,11
9147,12,11
9016,12,11
9030,12,11
9074,12,11
9097,12,11
9171,12,11
9235,12,11
9194,12,11
9392,12,11
9279,12,11
9251,12,11
17206,12,11
17243,12,11
17396,12,11
17502,12,11
17559,12,11
17478,12,11
9416,12,11
9494,12,11
9500,12,11
9499,12,11
9568,12,11
9589,12,11
9637,12,11
9658,12,11
9860,12,11
9698,12,11
10001,12,11
9746,12,11
9927,12,11
9727,12,11
9768,12,11
9959,12,11
9784,12,11
9869,12,11
9828,12,11
9843,12,11
9952,12,11
10030,12,11
10290,12,11
10107,12,11
10055,12,11
10135,12,11
10078,12,11
10236,12,11
10110,12,11
10161,12,11
10193,12,11
10173,12,11
10218,12,11
10269,12,11
10416,12,11
10321,12,11
10359,12,11
10387,12,11
10388,12,11
10337,12,11
10488,12,11
10473,12,11
10411,12,11
3212,13,11
3290,13,11
3226,13,11
3378,13,11
3349,13,11
3434,13,11
3239,13,11
3256,13,11
3406,13,11
3273,13,11
3459,13,11
3316,13,11
3333,13,11
3360,13,11
3404,13,11
3423,13,11
3534,13,11
3563,13,11
3493,13,11
3475,13,11
3573,13,11
3499,13,11
3595,13,11
3638,13,11
3527,13,11
3538,13,11
3750,13,11
3743,13,11
3734,13,11
3627,13,11
3609,13,11
3681,13,11
3667,13,11
3659,13,11
3709,13,11
3853,13,11
3794,13,11
3778,13,11
3824,13,11
3960,13,11
3878,13,11
3816,13,11
3859,13,11
3867,13,11
3941,13,11
3980,13,11
4039,13,11
3917,13,11
3928,13,11
3987,13,11
4125,13,11
4045,13,11
4011,13,11
4033,13,11
4139,13,11
4076,13,11
4093,13,11
4109,13,11
4268,13,11
4150,13,11
4292,13,11
4172,13,11
4188,13,11
4355,13,11
4205,13,11
4221,13,11
4237,13,11
4249,13,11
4368,13,11
4289,13,11
4420,13,11
4315,13,11
4334,13,11
4356,13,11
4380,13,11
4454,13,11
4455,13,11
4421,13,11
4505,13,11
4500,13,11
4535,13,11
4589,13,11
4544,13,11
4552,13,11
4483,13,11
4607,13,11
4662,13,11
4735,13,11
4631,13,11
4630,13,11
4684,13,11
4690,13,11
4767,13,11
4755,13,11
4717,13,11
4855,13,11
4848,13,11
4796,13,11
4797,13,11
4840,13,11
4923,13,11
4816,13,11
4904,13,11
4878,13,11
5033,13,11
4947,13,11
4962,13,11
4985,13,11
4991,13,11
5058,13,11
5123,13,11
5086,13,11
5021,13,11
5191,13,11
5059,13,11
5125,13,11
5154,13,11
5095,13,11
5351,13,11
5186,13,11
5217,13,11
5229,13,11
5277,13,11
5400,13,11
5259,13,11
5434,13,11
5278,13,11
5318,13,11
5338,13,11
5362,13,11
5562,13,11
5422,13,11
5416,13,11
5474,13,11
5486,13,11
5532,13,11
5518,13,11
5585,13,11
5566,13,11
5664,13,11
5620,13,11
5651,13,11
5812,13,11
5778,13,11
5650,13,11
5723,13,11
5722,13,11
5717,13,11
5756,13,11
5899,13,11
5961,13,11
5826,13,11
5852,13,11
5868,13,11
6136,13,11
5922,13,11
5979,13,11
6047,13,11
5945,13,11
5998,13,11
6243,13,11
6058,13,11
6083,13,11
6103,13,11
6159,13,11
6198,13,11
6297,13,11
6223,13,11
6265,13,11
6404,13,11
6331,13,11
6502,13,11
6337,13,11
6382,13,11
6562,13,11
6397,13,11
6448,13,11
6507,13,11
6443,13,11
6545,13,11
6582,13,11
6620,13,11
6918,13,11
6834,13,11
6647,13,11
6693,13,11
6673,13,11
6726,13,11
6779,13,11
6844,13,11
6752,13,11
6879,13,11
6999,13,11
6800,13,11
6867,13,11
6986,13,11
7125,13,11
6964,13,11
7036,13,11
7105,13,11
7102,13,11
7226,13,11
7073,13,11
7116,13,11
7187,13,11
7254,13,11
7273,13,11
7311,13,11
7541,13,11
7349,13,11
7377,13,11
7399,13,11
7484,13,11
7433,13,11
7475,13,11
7684,13,11
7559,13,11
7623,13,11
7648,13,11
7512,13,11
7786,13,11
7635,13,11
7670,13,11
7716,13,11
7795,13,11
7872,13,11
7838,13,11
7880,13,11
8095,13,11
7917,13,11
7943,13,11
8195,13,11
8050,13,11
7972,13,11
8088,13,11
8037,13,11
8000,13,11
8162,13,11
8158,13,11
8169,13,11
8383,13,11
8230,13,11
8244,13,11
8281,13,11
8331,13,11
8311,13,11
8353,13,11
8549,13,11
8418,13,11
8394,13,11
8576,13,11
8434,13,11
8565,13,11
8470,13,11
8483,13,11
8515,13,11
8657,13,11
8594,13,11
8844,13,11
8628,13,11
8720,13,11
8680,13,11
8918,13,11
8710,13,11
8789,13,11
8775,13,11
9003,13,11
8783,13,11
8847,13,11
8823,13,11
8906,13,11
8949,13,11
8987,13,11
9226,13,11
9013,13,11
9151,13,11
9032,13,11
9044,13,11
9098,13,11
9110,13,11
9175,13,11
9241,13,11
9201,13,11
9398,13,11
9301,13,11
9272,13,11
9529,13,11
9553,13,11
9318,13,11
9345,13,11
9368,13,11
9443,13,11
9419,13,11
9503,13,11
9509,13,11
9508,13,11
9585,13,11
9597,13,11
9653,13,11
9664,13,11
9873,13,11
9701,13,11
10008,13,11
9755,13,11
9930,13,11
9734,13,11
9773,13,11
9965,13,11
9791,13,11
9884,13,11
9838,13,11
9857,13,11
9964,13,11
10035,13,11
10298,13,11
10113,13,11
10059,13,11
10149,13,11
10082,13,11
10270,13,11
10124,13,11
10178,13,11
10215,13,11
10195,13,11
10237,13,11
10281,13,11
10447,13,11
10327,13,11
10378,13,11
10418,13,11
10417,13,11
10351,13,11
10499,13,11
10491,13,11
10433,13,11
2219,14,0
2152,14,0
2127,14,0
2189,14,0
2111,14,0
2150,14,0
2237,14,0
2197,14,0
2072,14,0
2081,14,0
2185,14,0
2098,14,0
2252,14,0
2268,14,0
2281,14,0
2275,14,0
2305,14,0
2333,14,0
2289,14,0
2372,14,0
2363,14,0
2325,14,0
2308,14,0
2318,14,0
2343,14,0
2398,14,0
2399,14,0
2391,14,0
2416,14,0
2432,14,0
2449,14,0
2568,14,0
2490,14,0
2448,14,0
2525,14,0
2506,14,0
2546,14,0
2466,14,0
2471,14,0
2534,14,0
2530,14,0
2488,14,0
2516,14,0
2625,14,0
2573,14,0
2586,14,0
2601,14,0
2615,14,0
2595,14,0
2639,14,0
2637,14,0
2656,14,0
2718,14,0
2745,14,0
2678,14,0
2667,14,0
2733,14,0
2792,14,0
2754,14,0
2701,14,0
2689,14,0
2714,14,0
2793,14,0
2771,14,0
2751,14,0
2804,14,0
2870,14,0
2822,14,0
2920,14,0
2898,14,0
2833,14,0
2854,14,0
2844,14,0
2948,14,0
2943,14,0
2890,14,0
2882,14,0
3009,14,0
2925,14,0
2968,14,0
2980,14,0
2993,14,0
3119,14,0
3012,14,0
3031,14,0
3106,14,0
3181,14,0
3045,14,0
3100,14,0
3058,14,0
3070,14,0
3155,14,0
3087,14,0
3193,14,0
3124,14,0
3162,14,0
3156,14,0
3299,14,0
3214,14,0
12879,14,0
12894,14,0
12899,15,14
3351,15,14
3436,15,14
3240,15,14
3258,15,14
3410,15,14
3275,15,14
3461,15,14
3318,15,14
3335,15,14
3364,15,14
3411,15,14
3428,15,14
3539,15,14
3565,15,14
3497,15,14
3477,15,14
3575,15,14
3502,15,14
13057,15,14
3642,15,14
3530,15,14
3543,15,14
3755,15,14
3746,15,14
3738,15,14
3629,15,14
3612,15,14
3688,15,14
3673,15,14
3668,15,14
3713,15,14
3858,15,14
3796,15,14
3779,15,14
3826,15,14
3961,15,14
3880,15,14
3819,15,14
3865,15,14
3870,15,14
3947,15,14
3983,15,14
4046,15,14
3920,15,14
3932,15,14
3990,15,14
4127,15,14
4051,15,14
4017,15,14
4041,15,14
4151,15,14
4078,15,14
4095,15,14
4113,15,14
4270,15,14
4154,15,14
4296,15,14
4176,15,14
4192,15,14
4364,15,14
4208,15,14
4223,15,14
4239,15,14
4253,15,14
4372,15,14
4295,15,14
4426,15,14
4317,15,14
4336,15,14
4366,15,14
4387,15,14
4458,15,14
4461,15,14
4427,15,14
4512,15,14
4510,15,14
4543,15,14
4592,15,14
4551,15,14
4560,15,14
4493,15,14
4610,15,14
4666,15,14
4739,15,14
4639,15,14
4638,15,14
4689,15,14
4696,15,14
4771,15,14
4761,15,14
4721,15,14
4865,15,14
4858,15,14
4804,15,14
4808,15,14
4880,15,14
4929,15,14
4826,15,14
4941,15,14
4888,15,14
5060,15,14
4956,15,14
4968,15,14
4997,15,14
5013,15,14
5068,15,14
5137,15,14
5092,15,14
5028,15,14
5195,15,14
5069,15,14
5138,15,14
5164,15,14
5102,15,14
5373,15,14
5190,15,14
5223,15,14
5235,15,14
5287,15,14
5410,15,14
5268,15,14
5442,15,14
5289,15,14
5326,15,14
5341,15,14
5370,15,14
5596,15,14
13817,15,14
5429,15,14
5480,15,14
13835,15,14
13847,15,14
5520,15,14
13863,15,14
13880,15,14
5667,15,14
5622,15,14
5682,15,14
5815,15,14
5785,15,14
5658,15,14
5730,15,14
5731,15,14
5725,15,14
5772,15,14
5903,15,14
6000,15,14
5829,15,14
5859,15,14
5872,15,14
6140,15,14
5925,15,14
5986,15,14
6104,15,14
5951,15,14
6004,15,14
6249,15,14
6066,15,14
6095,15,14
6108,15,14
6162,15,14
6200,15,14
6300,15,14
6230,15,14
6269,15,14
6411,15,14
6333,15,14
6506,15,14
6341,15,14
6389,15,14
6569,15,14
6403,15,14
6453,15,14
6509,15,14
6449,15,14
6547,15,14
6584,15,14
6621,15,14
6924,15,14
6843,15,14
6649,15,14
6697,15,14
6677,15,14
6728,15,14
6818,15,14
6864,15,14
6756,15,14
6892,15,14
7001,15,14
6809,15,14
6878,15,14
6992,15,14
7144,15,14
14804,15,14
7038,15,14
7122,15,14
7114,15,14
7231,15,14
7081,15,14
7135,15,14
7198,15,14
7260,15,14
7286,15,14
7318,15,14
7554,15,14
7352,15,14
7383,15,14
7403,15,14
7488,15,14
7440,15,14
7477,15,14
7740,15,14
7565,15,14
7629,15,14
7654,15,14
7519,15,14
7790,15,14
7644,15,14
7679,15,14
7727,15,14
7799,15,14
7875,15,14
7840,15,14
7883,15,14
8099,15,14
7919,15,14
7946,15,14
8233,15,14
8056,15,14
7976,15,14
8093,15,14
8040,15,14
8001,15,14
8165,15,14
8161,15,14
8172,15,14
8385,15,14
8232,15,14
8250,15,14
8283,15,14
8336,15,14
8314,15,14
8355,15,14
8555,15,14
8421,15,14
8396,15,14
8582,15,14
8436,15,14
8573,15,14
8475,15,14
8484,15,14
8517,15,14
8658,15,14
8597,15,14
8849,15,14
8631,15,14
8722,15,14
8681,15,14
8920,15,14
8711,15,14
8795,15,14
8780,15,14
9046,15,14
8790,15,14
8852,15,14
8829,15,14
8907,15,14
8950,15,14
8991,15,14
9228,15,14
9019,15,14
9152,15,14
9035,15,14
9048,15,14
9105,15,14
9115,15,14
9177,15,14
9243,15,14
9202,15,14
9399,15,14
9305,15,14
9276,15,14
9534,15,14
9561,15,14
9320,15,14
9349,15,14
9371,15,14
9456,15,14
9421,15,14
9510,15,14
138648,15,14
9514,15,14
9590,15,14
9601,15,14
9657,15,14
9669,15,14
9880,15,14
9703,15,14
10010,15,14
9763,15,14
9941,15,14
9738,15,14
9779,15,14
9973,15,14
9796,15,14
9891,15,14
9844,15,14
9867,15,14
9972,15,14
10037,15,14
10302,15,14
10117,15,14
10061,15,14
10153,15,14
10084,15,14
10273,15,14
10130,15,14
10190,15,14
10225,15,14
10207,15,14
10244,15,14
10287,15,14
10462,15,14
10333,15,14
10386,15,14
10431,15,14
10430,15,14
10358,15,14
10504,15,14
10498,15,14
10443,15,14
12903,16,14
3366,16,14
3440,16,14
3242,16,14
3257,16,14
3409,16,14
3274,16,14
3460,16,14
3317,16,14
3334,16,14
3361,16,14
3407,16,14
3425,16,14
3537,16,14
3564,16,14
3495,16,14
3476,16,14
3574,16,14
3500,16,14
3596,16,14
3640,16,14
3528,16,14
3541,16,14
3752,16,14
3744,16,14
3736,16,14
3628,16,14
3611,16,14
3685,16,14
3670,16,14
3663,16,14
3707,16,14
3847,16,14
3792,16,14
3777,16,14
3820,16,14
3958,16,14
3876,16,14
3817,16,14
3862,16,14
3863,16,14
3943,16,14
3978,16,14
4035,16,14
3915,16,14
3926,16,14
3986,16,14
4124,16,14
4040,16,14
4008,16,14
4029,16,14
4138,16,14
4075,16,14
4092,16,14
4108,16,14
4266,16,14
4149,16,14
4290,16,14
4173,16,14
4190,16,14
4357,16,14
4206,16,14
4222,16,14
4238,16,14
4251,16,14
4369,16,14
4291,16,14
4422,16,14
4314,16,14
4333,16,14
4360,16,14
4382,16,14
4456,16,14
4457,16,14
4423,16,14
4507,16,14
4501,16,14
4538,16,14
4590,16,14
4545,16,14
4554,16,14
4484,16,14
4608,16,14
4664,16,14
4737,16,14
4635,16,14
4634,16,14
4685,16,14
4694,16,14
4769,16,14
4760,16,14
4720,16,14
4861,16,14
4853,16,14
4799,16,14
4803,16,14
4846,16,14
4925,16,14
4818,16,14
4908,16,14
4882,16,14
5035,16,14
4949,16,14
4963,16,14
4993,16,14
5009,16,14
5063,16,14
5129,16,14
5088,16,14
5023,16,14
5194,16,14
5064,16,14
5131,16,14
5161,16,14
5097,16,14
5354,16,14
5188,16,14
13673,16,14
13675,16,14
5282,16,14
5405,16,14
5264,16,14
13721,16,14
5284,16,14
5321,16,14
13786,16,14
5365,16,14
5567,16,14
13814,16,14
5426,16,14
13827,16,14
13837,16,14
13849,16,14
138655,16,14
13861,16,14
13882,16,14
13894,16,14
13923,16,14
5656,16,14
5814,16,14
14021,16,14
5652,16,14
14030,16,14
5724,16,14
5719,16,14
5759,16,14
5900,16,14
5963,16,14
5827,16,14
5853,16,14
5870,16,14
6134,16,14
5921,16,14
5976,16,14
6045,16,14
5941,16,14
5995,16,14
6239,16,14
6056,16,14
6079,16,14
6100,16,14
6156,16,14
6197,16,14
6296,16,14
6220,16,14
6262,16,14
6400,16,14
6330,16,14
6500,16,14
6336,16,14
6378,16,14
6559,16,14
6392,16,14
6445,16,14
6505,16,14
6441,16,14
6544,16,14
6581,16,14
6619,16,14
6915,16,14
6803,16,14
6646,16,14
6691,16,14
6672,16,14
6725,16,14
6778,16,14
6838,16,14
6751,16,14
6874,16,14
6998,16,14
6797,16,14
14718,16,14
6984,16,14
7127,16,14
14806,16,14
14831,16,14
7099,16,14
7098,16,14
7224,16,14
7075,16,14
7123,16,14
7190,16,14
7255,16,14
7276,16,14
7313,16,14
7545,16,14
7350,16,14
7379,16,14
7396,16,14
7481,16,14
7435,16,14
7474,16,14
7688,16,14
7555,16,14
7626,16,14
7645,16,14
7510,16,14
7783,16,14
7630,16,14
7666,16,14
7712,16,14
7793,16,14
7871,16,14
7837,16,14
7878,16,14
8094,16,14
7916,16,14
7941,16,14
8192,16,14
8048,16,14
7970,16,14
8091,16,14
8034,16,14
7999,16,14
8159,16,14
8154,16,14
8166,16,14
8380,16,14
8228,16,14
8240,16,14
8280,16,14
8327,16,14
8309,16,14
8349,16,14
8546,16,14
8410,16,14
8392,16,14
8572,16,14
8433,16,14
8559,16,14
8466,16,14
8480,16,14
8514,16,14
8656,16,14
8590,16,14
8787,16,14
8623,16,14
8718,16,14
8679,16,14
8916,16,14
8709,16,14
8782,16,14
8769,16,14
8999,16,14
8779,16,14
8839,16,14
8817,16,14
8905,16,14
8947,16,14
8982,16,14
9223,16,14
9008,16,14
9150,16,14
9028,16,14
9040,16,14
9094,16,14
9107,16,14
9174,16,14
9238,16,14
9199,16,14
9397,16,14
9299,16,14
9268,16,14
9525,16,14
9548,16,14
9314,16,14
9341,16,14
9366,16,14
9444,16,14
9420,16,14
9506,16,14
9512,16,14
9511,16,14
9588,16,14
9598,16,14
9655,16,14
9667,16,14
9876,16,14
9702,16,14
10009,16,14
9760,16,14
9933,16,14
9736,16,14
9777,16,14
9969,16,14
9794,16,14
9887,16,14
9841,16,14
9862,16,14
9968,16,14
10036,16,14
10300,16,14
10114,16,14
10060,16,14
10151,16,14
10083,16,14
10249,16,14
10121,16,14
10183,16,14
10219,16,14
10199,16,14
10239,16,14
10283,16,14
10451,16,14
10329,16,14
10381,16,14
10423,16,14
10422,16,14
10354,16,14
10501,16,14
10494,16,14
10437,16,14
10529,17,0
10627,17,0
10653,17,0
10682,17,0
2113,17,0
2154,17,0
2238,17,0
2202,17,0
10998,17,0
11122,17,0
2180,17,0
2096,17,0
2251,17,0
138684,17,0
11155,17,0
11316,17,0
2317,17,0
2337,17,0
11471,17,0
2373,17,0
2364,17,0
2326,17,0
2309,17,0
2342,17,0
2344,17,0
2400,17,0
2401,17,0
2393,17,0
2418,17,0
2433,17,0
2451,17,0
2570,17,0
2492,17,0
2450,17,0
2536,17,0
11697,17,0
11880,17,0
11897,17,0
11918,17,0
11928,17,0
11945,17,0
11962,17,0
11981,17,0
12001,17,0
12018,17,0
12087,17,0
12119,17,0
12136,17,0
12156,17,0
2643,17,0
10982,17,0
2658,17,0
2721,17,0
2752,17,0
2680,17,0
2669,17,0
2739,17,0
2796,17,0
2761,17,0
2703,17,0
2691,17,0
2717,17,0
2797,17,0
2776,17,0
2760,17,0
2807,17,0
2873,17,0
2824,17,0
2923,17,0
2905,17,0
2835,17,0
2859,17,0
2848,17,0
2952,17,0
2946,17,0
2894,17,0
2888,17,0
3011,17,0
2927,17,0
2969,17,0
2981,17,0
2994,17,0
3121,17,0
3014,17,0
3032,17,0
3131,17,0
3182,17,0
3046,17,0
3103,17,0
3059,17,0
3071,17,0
3184,17,0
3088,17,0
3195,17,0
3126,17,0
3163,17,0
3159,17,0
3301,17,0
3215,17,0
12881,17,0
12896,17,0
12901,17,0
3367,17,0
3441,17,0
3243,17,0
3260,17,0
3415,17,0
3278,17,0
3463,17,0
3320,17,0
3337,17,0
3368,17,0
3416,17,0
3437,17,0
3545,17,0
3568,17,0
3501,17,0
3479,17,0
3577,17,0
3505,17,0
3600,17,0
3646,17,0
3535,17,0
3547,17,0
3758,17,0
3749,17,0
3742,17,0
3633,17,0
3614,17,0
3694,17,0
3678,17,0
3675,17,0
3720,17,0
3889,17,0
3798,17,0
3783,17,0
3832,17,0
3963,17,0
3887,17,0
3827,17,0
3871,17,0
3873,17,0
3949,17,0
3985,17,0
4049,17,0
3923,17,0
3933,17,0
3991,17,0
4128,17,0
4052,17,0
4020,17,0
4043,17,0
4152,17,0
4079,17,0
4096,17,0
4114,17,0
4271,17,0
4155,17,0
4297,17,0
4177,17,0
4193,17,0
4395,17,0
4209,17,0
4225,17,0
4241,17,0
4254,17,0
4376,17,0
4298,17,0
4428,17,0
4319,17,0
4337,17,0
4370,17,0
4391,17,0
4460,17,0
4462,17,0
4429,17,0
4514,17,0
4506,17,0
4572,17,0
4593,17,0
4553,17,0
4565,17,0
4490,17,0
4611,17,0
4667,17,0
4740,17,0
4641,17,0
4640,17,0
4692,17,0
4697,17,0
4773,17,0
4763,17,0
4722,17,0
4912,17,0
4863,17,0
4809,17,0
4836,17,0
4856,17,0
4928,17,0
4823,17,0
4911,17,0
4886,17,0
5037,17,0
4955,17,0
4967,17,0
4996,17,0
5012,17,0
5066,17,0
5133,17,0
5089,17,0
5026,17,0
13631,17,0
5067,17,0
5135,17,0
5163,17,0
5100,17,0
5372,17,0
5189,17,0
5220,17,0
5233,17,0
5285,17,0
5408,17,0
5267,17,0
5438,17,0
5286,17,0
5324,17,0
5340,17,0
5367,17,0
5572,17,0
5428,17,0
5424,17,0
5476,17,0
5488,17,0
5536,17,0
5519,17,0
5587,17,0
5571,17,0
5666,17,0
5621,17,0
5654,17,0
5813,17,0
5783,17,0
5655,17,0
5727,17,0
5728,17,0
5721,17,0
5767,17,0
5901,17,0
5993,17,0
5828,17,0
5856,17,0
5871,17,0
6138,17,0
5923,17,0
5982,17,0
6049,17,0
5948,17,0
6002,17,0
6247,17,0
6063,17,0
6089,17,0
6106,17,0
6160,17,0
6199,17,0
6298,17,0
6226,17,0
6267,17,0
6407,17,0
6332,17,0
6504,17,0
6339,17,0
6386,17,0
6567,17,0
6401,17,0
6450,17,0
6508,17,0
6447,17,0
6546,17,0
6583,17,0
6622,17,0
6922,17,0
6839,17,0
6648,17,0
6695,17,0
6675,17,0
6729,17,0
6816,17,0
6860,17,0
6755,17,0
6896,17,0
7013,17,0
6812,17,0
6884,17,0
6993,17,0
7148,17,0
6968,17,0
7039,17,0
7118,17,0
7119,17,0
7233,17,0
7083,17,0
7141,17,0
7201,17,0
7264,17,0
7289,17,0
7320,17,0
7557,17,0
7353,17,0
7385,17,0
7405,17,0
7490,17,0
7441,17,0
7478,17,0
7743,17,0
7568,17,0
7633,17,0
7657,17,0
7523,17,0
7792,17,0
7647,17,0
7683,17,0
7732,17,0
7800,17,0
7877,17,0
7841,17,0
7887,17,0
8101,17,0
7922,17,0
7949,17,0
8234,17,0
8059,17,0
7977,17,0
8096,17,0
8043,17,0
8002,17,0
8167,17,0
8163,17,0
8173,17,0
8389,17,0
8236,17,0
8248,17,0
8282,17,0
8334,17,0
8313,17,0
8354,17,0
8552,17,0
8419,17,0
8395,17,0
8587,17,0
8437,17,0
8577,17,0
8478,17,0
8488,17,0
8520,17,0
8659,17,0
8602,17,0
8854,17,0
8633,17,0
8724,17,0
8682,17,0
8922,17,0
8713,17,0
8801,17,0
8785,17,0
9051,17,0
8797,17,0
8858,17,0
8834,17,0
8908,17,0
8951,17,0
8997,17,0
9230,17,0
9026,17,0
9154,17,0
9041,17,0
9060,17,0
9108,17,0
9120,17,0
9178,17,0
9245,17,0
9203,17,0
9400,17,0
9307,17,0
9281,17,0
9540,17,0
9569,17,0
9324,17,0
9352,17,0
9374,17,0
9459,17,0
9422,17,0
9513,17,0
9518,17,0
9520,17,0
9591,17,0
9603,17,0
9659,17,0
9671,17,0
9883,17,0
9704,17,0
10011,17,0
9767,17,0
9945,17,0
9739,17,0
9782,17,0
9976,17,0
9798,17,0
9894,17,0
9848,17,0
9871,17,0
9975,17,0
10038,17,0
10305,17,0
10119,17,0
10062,17,0
10157,17,0
10085,17,0
10271,17,0
10127,17,0
10186,17,0
10221,17,0
10202,17,0
10241,17,0
10285,17,0
10456,17,0
10331,17,0
10385,17,0
10427,17,0
10426,17,0
10357,17,0
10502,17,0
10496,17,0
10439,17,0
2209,18,0
2137,18,0
2121,18,0
2174,18,0
2101,18,0
2143,18,0
2215,18,0
2187,18,0
2070,18,0
2078,18,0
2171,18,0
2090,18,0
2249,18,0
2265,18,0
2262,18,0
11320,18,0
2299,18,0
2329,18,0
2287,18,0
2366,18,0
2361,18,0
2322,18,0
2306,18,0
2301,18,0
2339,18,0
2392,18,0
11594,18,0
2386,18,0
2414,18,0
2430,18,0
2445,18,0
2565,18,0
2487,18,0
2444,18,0
2523,18,0
2504,19,18
2544,19,18
2464,19,18
2469,19,18
2533,19,18
2528,19,18
2486,19,18
2515,19,18
2623,19,18
2571,19,18
2585,19,18
2600,19,18
2614,19,18
2594,19,18
2638,19,18
2635,19,18
2655,19,18
2715,19,18
2741,19,18
2677,19,18
2666,19,18
2730,19,18
2790,19,18
2750,19,18
2700,19,18
2688,19,18
2712,19,18
2791,19,18
2768,19,18
2748,19,18
2802,19,18
2868,19,18
2821,19,18
2917,19,18
12531,19,18
12535,19,18
12549,19,18
12555,19,18
12562,19,18
12565,19,18
12578,19,18
12585,19,18
12592,19,18
12595,19,18
12612,19,18
12619,19,18
12632,19,18
12644,19,18
12671,19,18
12674,19,18
12684,19,18
12707,19,18
3040,19,18
12714,19,18
12717,19,18
12755,19,18
12767,19,18
12780,19,18
12790,19,18
12804,19,18
12812,19,18
12825,19,18
12835,19,18
12847,19,18
12865,19,18
12886,19,18
3376,19,18
12915,19,18
3431,19,18
3238,19,18
3255,19,18
3403,19,18
3272,19,18
3458,19,18
3297,19,18
3331,19,18
3359,19,18
12973,19,18
12976,19,18
12986,19,18
13004,19,18
13018,19,18
13021,19,18
3572,19,18
3496,19,18
3594,19,18
3637,19,18
3524,19,18
3536,19,18
3722,19,18
3741,19,18
3731,19,18
3626,19,18
3607,19,18
3680,19,18
3662,19,18
3654,19,18
3703,19,18
3842,19,18
3790,19,18
3776,19,18
3818,19,18
3957,19,18
3874,19,18
3814,19,18
3855,19,18
3860,19,18
3939,19,18
3977,19,18
4032,19,18
3911,19,18
3925,19,18
3984,19,18
4123,19,18
4037,19,18
4007,19,18
4026,19,18
4136,19,18
4074,19,18
4091,19,18
4107,19,18
4265,19,18
4147,19,18
4288,19,18
4171,19,18
4186,19,18
4352,19,18
4203,19,18
4220,19,18
4236,19,18
4247,19,18
4365,19,18
13237,20,19
4418,20,19
4312,20,19
13270,20,19
4354,20,19
4377,20,19
4451,20,19
4453,20,19
4419,20,19
4502,20,19
4496,20,19
4532,20,19
4588,20,19
4542,20,19
4550,20,19
4480,20,19
4606,20,19
4661,20,19
4734,20,19
4629,20,19
4628,20,19
4682,20,19
4688,20,19
4765,20,19
4753,20,19
4716,20,19
4851,20,19
4842,20,19
4794,20,19
4795,20,19
4838,20,19
4921,20,19
4814,20,19
4902,20,19
4876,20,19
13508,20,19
13525,20,19
13538,20,19
13552,20,19
13573,20,19
13586,20,19
13600,20,19
13607,20,19
5019,20,19
5179,20,19
5057,20,19
5121,20,19
5153,20,19
5093,20,19
5349,20,19
5185,20,19
5215,20,19
5228,20,19
5274,20,19
5398,20,19
5255,20,19
5433,20,19
5275,20,19
5317,20,19
5337,20,19
5360,20,19
5559,20,19
5419,20,19
5413,20,19
5471,20,19
5481,20,19
5531,20,19
5516,20,19
5580,20,19
5557,20,19
5660,20,19
5618,20,19
5647,20,19
5810,20,19
5765,20,19
5645,20,19
5716,20,19
5715,20,19
5711,20,19
5747,20,19
5897,20,19
5954,20,19
5824,20,19
5842,20,19
5863,20,19
6086,20,19
5919,20,19
5968,20,19
6040,20,19
5934,20,19
5989,20,19
6235,20,19
6051,20,19
6068,20,19
6094,20,19
6152,20,19
6189,20,19
6293,20,19
6212,20,19
6257,20,19
6390,20,19
6326,20,19
6494,20,19
6311,20,19
6373,20,19
6553,20,19
6383,20,19
6406,20,19
6498,20,19
6433,20,19
6541,20,19
6577,20,19
6609,20,19
6873,20,19
6795,20,19
6643,20,19
6684,20,19
6669,20,19
6722,20,19
6774,20,19
6826,20,19
6748,20,19
6813,20,19
6995,20,19
14690,20,19
14713,20,19
14748,20,19
14783,20,19
6960,20,19
7032,20,19
7089,20,19
14938,20,19
14978,20,19
14990,20,19
15036,20,19
7175,20,19
7248,20,19
7262,20,19
7299,20,19
7529,20,19
7346,20,19
15394,21,20
15386,21,20
15425,21,20
138814,21,20
138820,21,20
138825,21,20
15552,21,20
7605,21,20
15557,21,20
15560,21,20
15565,21,20
7621,21,20
7650,21,20
7696,21,20
7781,21,20
7866,21,20
7831,21,20
7856,21,20
8073,21,20
7894,21,20
7925,21,20
8130,21,20
8024,21,20
7953,21,20
8032,21,20
8016,21,20
7990,21,20
8126,21,20
8120,21,20
8134,21,20
8335,21,20
8199,21,20
8219,21,20
8271,21,20
8294,21,20
8297,21,20
8330,21,20
8519,21,20
8378,21,20
8373,21,20
8544,21,20
8423,21,20
8537,21,20
8444,21,20
8461,21,20
8506,21,20
8646,21,20
8569,21,20
8751,21,20
16336,21,20
8695,21,20
8669,21,20
18975,21,20
8701,21,20
8743,21,20
8737,21,20
8974,21,20
8747,21,20
8805,21,20
8786,21,20
8898,21,20
8935,21,20
8966,21,20
9216,21,20
8988,21,20
9140,21,20
9006,21,20
9024,21,20
16879,21,20
9087,21,20
9165,21,20
9229,21,20
9191,21,20
9380,21,20
9267,21,20
9246,21,20
9448,21,20
9463,21,20
9287,21,20
9316,21,20
9347,21,20
9435,21,20
9406,21,20
9472,21,20
9480,21,20
9476,21,20
9532,21,20
9559,21,20
9627,21,20
9650,21,20
9847,21,20
9694,21,20
9988,21,20
9733,21,20
9911,21,20
9720,21,20
9748,21,20
9942,21,20
9769,21,20
9820,21,20
9815,21,20
9831,21,20
9939,21,20
10026,21,20
10267,21,20
10100,21,20
10050,21,20
10129,21,20
10074,21,20
10231,21,20
10104,21,20
10156,21,20
10187,21,20
10167,21,20
10211,21,20
10263,21,20
10409,21,20
10319,21,20
10353,21,20
10380,21,20
18894,21,20
18913,21,20
18928,21,20
10469,21,20
18951,21,20
138734,22,20
138809,22,20
138811,22,20
138816,22,20
138822,22,20
138827,22,20
15550,22,20
138829,22,20
15555,22,20
15562,22,20
15567,22,20
7625,22,20
7656,22,20
15622,22,20
15655,22,20
15669,22,20
15716,22,20
7860,22,20
8083,22,20
7908,22,20
138704,22,20
8178,22,20
8036,22,20
7962,22,20
8047,22,20
8025,22,20
7993,22,20
8135,22,20
8129,22,20
8144,22,20
8360,22,20
8205,22,20
8224,22,20
8274,22,20
8308,22,20
8300,22,20
8339,22,20
8524,22,20
138713,22,20
8381,22,20
8553,22,20
8428,22,20
8547,22,20
138717,22,20
8472,22,20
8511,22,20
8651,22,20
16330,22,20
16332,22,20
16334,22,20
8714,22,20
8676,22,20
8911,22,20
8706,22,20
8765,22,20
8752,22,20
8985,22,20
16707,22,20
8820,22,20
8796,22,20
8900,22,20
8938,22,20
8969,22,20
9219,22,20
8994,22,20
9143,22,20
9010,22,20
9027,22,20
9066,22,20
9090,22,20
9167,22,20
9233,22,20
9193,22,20
9390,22,20
9270,22,20
9247,22,20
9449,22,20
9465,22,20
9292,22,20
9322,22,20
9351,22,20
9438,22,20
9411,22,20
9483,22,20
9493,22,20
9490,22,20
9551,22,20
9580,22,20
9631,22,20
9652,22,20
9849,22,20
9695,22,20
9989,22,20
9737,22,20
9924,22,20
9722,22,20
9756,22,20
9951,22,20
9776,22,20
9863,22,20
9823,22,20
9833,22,20
9946,22,20
10027,22,20
10268,22,20
10101,22,20
10053,22,20
10131,22,20
10076,22,20
18569,22,20
10108,22,20
10158,22,20
10189,22,20
10168,22,20
10213,22,20
10264,22,20
10412,22,20
10320,22,20
10356,22,20
10383,22,20
10384,22,20
10335,22,20
10485,22,20
10466,22,20
10405,22,20
13235,23,19
4417,23,19
13265,23,19
13272,23,19
13291,23,19
13297,23,19
4449,23,19
4452,23,19
4416,23,19
4499,23,19
4494,23,19
4531,23,19
4587,23,19
4540,23,19
4547,23,19
4479,23,19
4604,23,19
4660,23,19
4733,23,19
4627,23,19
4626,23,19
4681,23,19
4686,23,19
4764,23,19
4752,23,19
4715,23,19
4847,23,19
4839,23,19
4791,23,19
4793,23,19
4833,23,19
4919,23,19
4812,23,19
4897,23,19
4874,23,19
13506,23,19
13527,23,19
13540,23,19
13554,23,19
13569,23,19
13584,23,19
13602,23,19
13609,23,19
5017,23,19
5177,23,19
5055,23,19
13644,23,19
5152,23,19
5091,23,19
5347,23,19
5184,23,19
5212,23,19
5225,23,19
5272,23,19
5396,23,19
5254,23,19
5430,23,19
5273,23,19
5316,23,19
5336,23,19
5358,23,19
5556,23,19
5415,23,19
5409,23,19
5469,23,19
5478,23,19
5530,23,19
5515,23,19
5579,23,19
5555,23,19
5659,23,19
5615,23,19
5643,23,19
5809,23,19
5757,23,19
5641,23,19
5713,23,19
5712,23,19
5708,23,19
5744,23,19
5896,23,19
5950,23,19
5823,23,19
5840,23,19
5860,23,19
6081,23,19
5918,23,19
5970,23,19
6041,23,19
5935,23,19
5991,23,19
6236,23,19
6053,23,19
6070,23,19
6088,23,19
6150,23,19
6192,23,19
6294,23,19
6214,23,19
6258,23,19
6394,23,19
6328,23,19
6496,23,19
6314,23,19
6374,23,19
6554,23,19
6387,23,19
6409,23,19
6501,23,19
6435,23,19
6542,23,19
6579,23,19
6613,23,19
6880,23,19
6798,23,19
6644,23,19
6687,23,19
6670,23,19
6723,23,19
6776,23,19
6830,23,19
6749,23,19
6871,23,19
6997,23,19
6796,23,19
6856,23,19
6980,23,19
7117,23,19
6961,23,19
7034,23,19
7095,23,19
7094,23,19
7221,23,19
7071,23,19
7113,23,19
7183,23,19
7252,23,19
7269,23,19
7307,23,19
7536,23,19
7348,23,19
7375,23,19
7393,23,19
7480,23,19
7430,23,19
7473,23,19
7680,23,19
7552,23,19
7619,23,19
7642,23,19
7509,23,19
7782,23,19
7627,23,19
7663,23,19
7708,23,19
7791,23,19
7870,23,19
7836,23,19
7876,23,19
8090,23,19
7913,23,19
7938,23,19
8189,23,19
8044,23,19
7967,23,19
8053,23,19
8028,23,19
7997,23,19
8151,23,19
8146,23,19
8164,23,19
8376,23,19
8225,23,19
8238,23,19
8279,23,19
8316,23,19
8305,23,19
8347,23,19
8529,23,19
8406,23,19
8391,23,19
8568,23,19
8432,23,19
8556,23,19
8463,23,19
8479,23,19
8513,23,19
8655,23,19
8586,23,19
8781,23,19
8620,23,19
8717,23,19
8678,23,19
8913,23,19
8708,23,19
8776,23,19
8762,23,19
8995,23,19
8773,23,19
8836,23,19
8812,23,19
8904,23,19
8945,23,19
8980,23,19
9222,23,19
9004,23,19
9149,23,19
9025,23,19
9037,23,19
9088,23,19
9103,23,19
9173,23,19
9237,23,19
9198,23,19
9395,23,19
9293,23,19
9260,23,19
9455,23,19
9542,23,19
9310,23,19
9337,23,19
9364,23,19
9442,23,19
9418,23,19
9501,23,19
9507,23,19
9505,23,19
9581,23,19
9593,23,19
9649,23,19
9663,23,19
9868,23,19
9700,23,19
10006,23,19
9752,23,19
9929,23,19
9731,23,19
9771,23,19
9961,23,19
9787,23,19
9881,23,19
9834,23,19
9853,23,19
9960,23,19
10034,23,19
10296,23,19
18146,23,19
10058,23,19
18168,23,19
138857,23,19
18584,23,19
18593,23,19
18614,23,19
10206,23,19
10188,23,19
18666,23,19
10276,23,19
10435,23,19
10325,23,19
10369,23,19
10400,23,19
10401,23,19
10342,23,19
18936,23,19
10482,23,19
18953,23,19
11827,24,18
11884,24,18
11901,24,18
11915,24,18
11933,24,18
11955,24,18
11972,24,18
11984,24,18
12006,24,18
12026,24,18
12033,24,18
12124,24,18
12144,24,18
12173,24,18
10950,24,18
10974,24,18
12205,24,18
12231,24,18
12243,24,18
12266,24,18
12273,24,18
12283,24,18
12293,24,18
12313,24,18
12333,24,18
12340,24,18
12352,24,18
12359,24,18
12386,24,18
12484,24,18
12490,24,18
12497,24,18
12504,24,18
12522,24,18
2896,24,18
12537,24,18
12547,24,18
12553,24,18
12560,24,18
12567,24,18
12580,24,18
12583,24,18
12590,24,18
12603,24,18
12614,24,18
12622,24,18
12634,24,18
12646,24,18
12669,24,18
12676,24,18
12689,24,18
12705,24,18
3038,24,18
12712,24,18
12719,24,18
12753,24,18
12765,24,18
12778,24,18
12788,24,18
12802,24,18
12814,24,18
12823,24,18
12833,24,18
12845,24,18
12860,24,18
12884,24,18
12905,24,18
12924,24,18
12932,24,18
12953,24,18
3254,24,18
12955,24,18
3271,24,18
3457,24,18
3296,24,18
3330,24,18
3357,24,18
12971,24,18
12978,24,18
12988,24,18
13002,24,18
13016,24,18
13023,24,18
13030,24,18
13040,24,18
3593,24,18
13069,24,18
3521,24,18
3532,24,18
3719,24,18
3739,24,18
3728,24,18
3625,24,18
3605,24,18
3677,24,18
3656,24,18
3651,24,18
3699,24,18
3838,24,18
3788,24,18
3775,24,18
3815,24,18
3956,24,18
3869,24,18
3812,24,18
3846,24,18
3852,24,18
3924,24,18
3975,24,18
4028,24,18
3908,24,18
3921,24,18
3981,24,18
4122,24,18
4031,24,18
4005,24,18
4023,24,18
4135,24,18
4073,24,18
4090,24,18
4106,24,18
4263,24,18
4146,24,18
4279,24,18
4170,24,18
4184,24,18
4347,24,18
4201,24,18
4219,24,18
4235,24,18
4246,24,18
4361,24,18
4285,24,18
4411,24,18
13267,24,18
13274,24,18
13293,24,18
13299,24,18
4446,24,18
4450,24,18
4415,24,18
4497,24,18
4492,24,18
4521,24,18
4567,24,18
4530,24,18
4539,24,18
4477,24,18
4599,24,18
4658,24,18
4731,24,18
4623,24,18
4622,24,18
4673,24,18
4679,24,18
4758,24,18
4750,24,18
4712,24,18
4832,24,18
4827,24,18
4786,24,18
4788,24,18
4805,24,18
4914,24,18
4806,24,18
4887,24,18
4869,24,18
4999,24,18
4933,24,18
4946,24,18
4981,24,18
4987,24,18
5048,24,18
5101,24,18
5043,24,18
5007,24,18
5175,24,18
5052,24,18
5111,24,18
5149,24,18
5085,24,18
5345,24,18
5182,24,18
5209,24,18
5216,24,18
5265,24,18
5392,24,18
5252,24,18
5420,24,18
5266,24,18
5314,24,18
5325,24,18
5355,24,18
5548,24,18
5406,24,18
5407,24,18
5460,24,18
5472,24,18
5527,24,18
5514,24,18
5577,24,18
5552,24,18
5657,24,18
5613,24,18
5640,24,18
5808,24,18
5754,24,18
5637,24,18
5707,24,18
5705,24,18
5704,24,18
5734,24,18
5894,24,18
5943,24,18
5821,24,18
5835,24,18
5854,24,18
6073,24,18
5916,24,18
5962,24,18
6035,24,18
5929,24,18
5984,24,18
6227,24,18
6048,24,18
6059,24,18
6078,24,18
6145,24,18
6182,24,18
6290,24,18
6205,24,18
6245,24,18
6381,24,18
6321,24,18
6490,24,18
6305,24,18
6368,24,18
6550,24,18
6377,24,18
6396,24,18
6495,24,18
6427,24,18
6539,24,18
6572,24,18
6604,24,18
6866,24,18
6791,24,18
6641,24,18
6682,24,18
6667,24,18
6720,24,18
6772,24,18
6819,24,18
6746,24,18
6808,24,18
6971,24,18
6788,24,18
6846,24,18
6974,24,18
7066,24,18
6956,24,18
7027,24,18
7082,24,18
7079,24,18
7213,24,18
7065,24,18
7101,24,18
7164,24,18
7246,24,18
7257,24,18
7292,24,18
7517,24,18
7344,24,18
7370,24,18
7382,24,18
7461,24,18
7418,24,18
7464,24,18
7614,24,18
7532,24,18
7604,24,18
7632,24,18
7506,24,18
7760,24,18
7618,24,18
7643,24,18
7681,24,18
7771,24,18
7864,24,18
7830,24,18
7855,24,18
8070,24,18
7891,24,18
7923,24,18
8127,24,18
8022,24,18
7951,24,18
8033,24,18
8017,24,18
7992,24,18
15914,24,18
15945,24,18
8138,24,18
8338,24,18
8200,24,18
8217,24,18
8272,24,18
8304,24,18
8298,24,18
8333,24,18
8521,24,18
8382,24,18
8374,24,18
8548,24,18
8424,24,18
8540,24,18
8446,24,18
8464,24,18
8507,24,18
8647,24,18
8567,24,18
8755,24,18
8591,24,18
8697,24,18
8671,24,18
8890,24,18
8700,24,18
8748,24,18
8733,24,18
8973,24,18
8744,24,18
8799,24,18
8778,24,18
8896,24,18
8929,24,18
8965,24,18
9215,24,18
8983,24,18
9136,24,18
9000,24,18
9017,24,18
9055,24,18
9079,24,18
9161,24,18
9227,24,18
9190,24,18
9379,24,18
9265,24,18
9244,24,18
9447,24,18
9462,24,18
9289,24,18
9319,24,18
9350,24,18
9436,24,18
9408,24,18
9477,24,18
9485,24,18
9479,24,18
9537,24,18
9567,24,18
9616,24,18
9648,24,18
9845,24,18
9693,24,18
9985,24,18
9732,24,18
9922,24,18
9719,24,18
9751,24,18
9940,24,18
9772,24,18
9854,24,18
9812,24,18
9829,24,18
9938,24,18
10025,24,18
10265,24,18
10098,24,18
10052,24,18
10125,24,18
10075,24,18
10227,24,18
10106,24,18
10154,24,18
10184,24,18
10165,24,18
10208,24,18
10261,24,18
10407,24,18
10318,24,18
10352,24,18
10379,24,18
10382,24,18
10334,24,18
10484,24,18
10461,24,18
10402,24,18
2229,25,0
2177,25,0
2214,25,0
2216,25,0
2122,25,0
2166,25,0
2243,25,0
2233,25,0
2077,25,0
2086,25,0
2204,25,0
2102,25,0
2255,25,0
2272,25,0
2284,25,0
2278,25,0
2368,25,0
2349,25,0
2292,25,0
2376,25,0
2381,25,0
2334,25,0
2312,25,0
2352,25,0
2353,25,0
2406,25,0
2409,25,0
2420,25,0
2425,25,0
2437,25,0
2455,25,0
2574,25,0
2499,25,0
2459,25,0
2539,25,0
2509,25,0
2560,25,0
2474,25,0
2479,25,0
2551,25,0
2556,25,0
2498,25,0
2520,25,0
2629,25,0
2580,25,0
2590,25,0
2609,25,0
2620,25,0
2603,25,0
2650,25,0
2645,25,0
2661,25,0
2735,25,0
2783,25,0
2683,25,0
2672,25,0
2753,25,0
2817,25,0
2772,25,0
2706,25,0
2695,25,0
2723,25,0
2803,25,0
2780,25,0
2769,25,0
2810,25,0
2880,25,0
2827,25,0
2929,25,0
2912,25,0
12544,26,25
2863,26,25
2855,26,25
2959,26,25
2954,26,25
2907,26,25
2900,26,25
3019,26,25
2935,26,25
2973,26,25
2987,26,25
2998,26,25
3127,26,25
3023,26,25
3041,26,25
3146,26,25
3205,26,25
3050,26,25
3114,26,25
3065,26,25
3075,26,25
3191,26,25
3099,26,25
3199,26,25
3141,26,25
3172,26,25
3167,26,25
3305,26,25
3219,26,25
3312,26,25
3232,26,25
3398,26,25
3377,26,25
3449,26,25
3247,26,25
3264,26,25
3427,26,25
3284,26,25
3467,26,25
12963,26,25
3342,26,25
3382,26,25
3429,26,25
3448,26,25
3559,26,25
3586,26,25
13012,26,25
13026,26,25
13038,26,25
13043,26,25
13053,26,25
13065,26,25
13077,26,25
13089,26,25
3763,26,25
3769,26,25
3756,26,25
3669,26,25
3620,26,25
3714,26,25
3702,26,25
3698,26,25
3735,26,25
3903,26,25
3804,26,25
3795,26,25
3864,26,25
13102,26,25
3902,26,25
13105,26,25
13110,26,25
13117,26,25
13120,26,25
13125,26,25
4066,26,25
13130,26,25
3944,26,25
3998,26,25
13135,26,25
13140,26,25
4047,26,25
4063,26,25
4179,26,25
13146,26,25
13151,26,25
13156,26,25
13161,26,25
13166,26,25
13171,26,25
13176,26,25
13181,26,25
13186,26,25
13191,26,25
13201,26,25
13222,26,25
13232,26,25
4393,26,25
13256,26,25
4436,26,25
4325,26,25
4350,26,25
4390,26,25
4403,26,25
13310,26,25
4473,26,25
4448,26,25
4568,26,25
4527,26,25
4585,26,25
4605,26,25
4576,26,25
4581,26,25
4516,26,25
4617,26,25
4678,26,25
4747,26,25
4654,26,25
4655,26,25
4704,26,25
4709,26,25
4782,26,25
4777,26,25
4728,26,25
4926,26,25
4879,26,25
4822,26,25
4894,26,25
4901,26,25
4939,26,25
4864,26,25
4960,26,25
4909,26,25
5082,26,25
4973,26,25
4978,26,25
5034,26,25
5031,26,25
5117,26,25
5150,26,25
5140,26,25
5049,26,25
5226,26,25
5116,26,25
5162,26,25
5171,26,25
5132,26,25
5387,26,25
5204,26,25
5242,26,25
5247,26,25
5307,26,25
5464,26,25
5294,26,25
5493,26,25
5309,26,25
5334,26,25
5369,26,25
5383,26,25
5617,26,25
5457,26,25
5455,26,25
5504,26,25
5509,26,25
5568,26,25
5545,26,25
5616,26,25
5594,26,25
5688,26,25
5634,26,25
5696,26,25
5851,26,25
5805,26,25
5679,26,25
5777,26,25
5782,26,25
5779,26,25
5800,26,25
5913,26,25
6031,26,25
5865,26,25
5884,26,25
5891,26,25
6196,26,25
5957,26,25
6014,26,25
6137,26,25
5983,26,25
6024,26,25
6274,26,25
6114,26,25
6132,26,25
6167,26,25
6193,26,25
6221,26,25
6327,26,25
6255,26,25
6286,26,25
6476,26,25
6353,26,25
6535,26,25
6361,26,25
6432,26,25
6629,26,25
6442,26,25
6488,26,25
6522,26,25
6486,26,25
6578,26,25
6618,26,25
6636,26,25
6947,26,25
6938,26,25
6662,26,25
6714,26,25
6700,26,25
6741,26,25
6891,26,25
6905,26,25
6767,26,25
6925,26,25
7030,26,25
6854,26,25
6914,26,25
7010,26,25
7204,26,25
6988,26,25
7055,26,25
7174,26,25
7171,26,25
7267,26,25
7120,26,25
7189,26,25
7225,26,25
7297,26,25
7317,26,25
7335,26,25
7596,26,25
7364,26,25
7412,26,25
7431,26,25
7537,26,25
7451,26,25
7492,26,25
7770,26,25
7586,26,25
7722,26,25
7730,26,25
7566,26,25
7813,26,25
7682,26,25
7721,26,25
7764,26,25
7824,26,25
7900,26,25
7850,26,25
7914,26,25
8116,26,25
7942,26,25
7971,26,25
8261,26,25
8084,26,25
7987,26,25
8148,26,25
8068,26,25
8010,26,25
8221,26,25
8183,26,25
8201,26,25
8416,26,25
8260,26,25
8268,26,25
8291,26,25
8367,26,25
8325,26,25
8371,26,25
8616,26,25
8468,26,25
8415,26,25
8624,26,25
8451,26,25
8605,26,25
8494,26,25
8502,26,25
8538,26,25
8672,26,25
8634,26,25
8883,26,25
8643,26,25
8826,26,25
8692,26,25
8948,26,25
8739,26,25
8861,26,25
8846,26,25
9129,26,25
8853,26,25
8884,26,25
8874,26,25
8931,26,25
8961,26,25
9117,26,25
9282,26,25
9058,26,25
9168,26,25
9086,26,25
9102,26,25
9137,26,25
9144,26,25
9185,26,25
9273,26,25
9212,26,25
9414,26,25
9342,26,25
9312,26,25
9632,26,25
9651,26,25
9356,26,25
9375,26,25
9388,26,25
9495,26,25
9434,26,25
9575,26,25
9572,26,25
9584,26,25
9622,26,25
138619,26,25
9679,26,25
9688,26,25
9906,26,25
9715,26,25
10022,26,25
9792,26,25
9971,26,25
9764,26,25
9802,26,25
10002,26,25
9814,26,25
9919,26,25
9879,26,25
9899,26,25
10004,26,25
10049,26,25
10313,26,25
10140,26,25
10070,26,25
10176,26,25
10092,26,25
10303,26,25
10150,26,25
10214,26,25
10245,26,25
10234,26,25
10255,26,25
10301,26,25
10492,26,25
10355,26,25
10425,26,25
10471,26,25
10464,26,25
10375,26,25
10519,26,25
10516,26,25
10476,26,25
2838,27,25
2862,27,25
2853,27,25
2957,27,25
2953,27,25
2904,27,25
2897,27,25
3017,27,25
2934,27,25
2972,27,25
2986,27,25
2997,27,25
3125,27,25
3021,27,25
3039,27,25
3142,27,25
3204,27,25
3049,27,25
3112,27,25
3064,27,25
3074,27,25
3189,27,25
3096,27,25
3198,27,25
3137,27,25
3170,27,25
3165,27,25
3304,27,25
3218,27,25
3311,27,25
3231,27,25
3395,27,25
3374,27,25
3447,27,25
3246,27,25
3263,27,25
3424,27,25
3282,27,25
3466,27,25
3323,27,25
3341,27,25
3375,27,25
3426,27,25
12981,27,25
12991,27,25
3584,27,25
3508,27,25
3482,27,25
3580,27,25
13048,27,25
3606,27,25
13063,27,25
13075,27,25
13087,27,25
13096,27,25
3767,27,25
3751,27,25
3660,27,25
3617,27,25
3708,27,25
3693,27,25
3687,27,25
3727,27,25
3897,27,25
3801,27,25
3789,27,25
3850,27,25
3968,27,25
3896,27,25
3843,27,25
3881,27,25
3886,27,25
3954,27,25
4002,27,25
4059,27,25
3931,27,25
3938,27,25
3994,27,25
4137,27,25
4064,27,25
4034,27,25
4055,27,25
4159,27,25
4084,27,25
4099,27,25
4117,27,25
4277,27,25
4161,27,25
4303,27,25
4185,27,25
4199,27,25
4402,27,25
4212,27,25
4231,27,25
4248,27,25
4260,27,25
4389,27,25
4305,27,25
4433,27,25
4322,27,25
4343,27,25
4388,27,25
4401,27,25
4470,27,25
4471,27,25
4443,27,25
4562,27,25
4523,27,25
4583,27,25
4600,27,25
4571,27,25
4578,27,25
4511,27,25
4615,27,25
4676,27,25
4745,27,25
4652,27,25
4651,27,25
4703,27,25
4707,27,25
4780,27,25
4776,27,25
4726,27,25
4924,27,25
4875,27,25
4821,27,25
4893,27,25
4899,27,25
4937,27,25
4860,27,25
4959,27,25
4907,27,25
5078,27,25
4972,27,25
4976,27,25
5006,27,25
5027,27,25
5110,27,25
5146,27,25
5136,27,25
5042,27,25
5222,27,25
5080,27,25
5157,27,25
5168,27,25
5122,27,25
5384,27,25
5202,27,25
5234,27,25
5245,27,25
5304,27,25
5462,27,25
5290,27,25
5483,27,25
5302,27,25
13775,27,25
5361,27,25
13788,27,25
5600,27,25
5447,27,25
5444,27,25
5497,27,25
5507,27,25
5560,27,25
5540,27,25
5612,27,25
5591,27,25
5684,27,25
5632,27,25
5694,27,25
5845,27,25
5802,27,25
5675,27,25
5768,27,25
5774,27,25
5770,27,25
5797,27,25
5910,27,25
6028,27,25
5858,27,25
5879,27,25
5888,27,25
6187,27,25
5949,27,25
6010,27,25
14094,27,25
14112,27,25
14224,27,25
14227,27,25
6102,27,25
6124,27,25
6161,27,25
6188,27,25
6219,27,25
6318,27,25
6246,27,25
6281,27,25
6461,27,25
6345,27,25
6530,27,25
6354,27,25
6417,27,25
6602,27,25
6428,27,25
6474,27,25
6515,27,25
6469,27,25
6565,27,25
6603,27,25
6630,27,25
6941,27,25
6882,27,25
6655,27,25
6708,27,25
6692,27,25
6735,27,25
6851,27,25
6897,27,25
6764,27,25
6913,27,25
7023,27,25
6831,27,25
6909,27,25
7007,27,25
7194,27,25
6981,27,25
7047,27,25
7160,27,25
7157,27,25
7265,27,25
7115,27,25
7186,27,25
7223,27,25
7294,27,25
7315,27,25
7333,27,25
7592,27,25
7361,27,25
7402,27,25
7429,27,25
7534,27,25
7450,27,25
7491,27,25
7762,27,25
7584,27,25
7714,27,25
7723,27,25
7560,27,25
7808,27,25
7671,27,25
7715,27,25
7755,27,25
7816,27,25
7895,27,25
7848,27,25
7907,27,25
8112,27,25
7934,27,25
7963,27,25
8249,27,25
8076,27,25
7982,27,25
8107,27,25
8060,27,25
8007,27,25
8213,27,25
8175,27,25
8191,27,25
8408,27,25
8251,27,25
8265,27,25
8288,27,25
8348,27,25
8322,27,25
8363,27,25
8574,27,25
8459,27,25
8407,27,25
8611,27,25
8445,27,25
8592,27,25
8487,27,25
8497,27,25
8532,27,25
8666,27,25
8629,27,25
8877,27,25
8640,27,25
8808,27,25
8687,27,25
8939,27,25
8725,27,25
8845,27,25
8824,27,25
9083,27,25
8835,27,25
8881,27,25
8866,27,25
8921,27,25
8957,27,25
9104,27,25
9264,27,25
9047,27,25
9162,27,25
9073,27,25
9092,27,25
9126,27,25
9138,27,25
9183,27,25
9263,27,25
9208,27,25
9409,27,25
9329,27,25
9298,27,25
9582,27,25
9636,27,25
9343,27,25
9365,27,25
9384,27,25
9481,27,25
9430,27,25
9550,27,25
9554,27,25
9566,27,25
9612,27,25
2230,28,0
2181,28,0
2218,28,0
2222,28,0
2125,28,0
2170,28,0
2244,28,0
2234,28,0
2079,28,0
2088,28,0
2210,28,0
2105,28,0
2256,28,0
2273,28,0
2285,28,0
11306,29,28
2370,29,28
2351,29,28
2293,29,28
2377,29,28
2382,29,28
2336,29,28
2313,29,28
2355,29,28
2356,29,28
2410,29,28
2412,29,28
2424,29,28
2427,29,28
2439,29,28
2457,29,28
2578,29,28
2511,29,28
2461,29,28
2541,29,28
2512,29,28
2562,29,28
2477,29,28
2481,29,28
2553,29,28
2558,29,28
2503,29,28
2524,29,28
2631,29,28
2582,29,28
2606,29,28
2611,29,28
2624,29,28
12188,29,28
2652,29,28
2647,29,28
2663,29,28
2742,29,28
12263,29,28
2685,29,28
2674,29,28
2759,29,28
2819,29,28
2777,29,28
2708,29,28
2697,29,28
2725,29,28
2805,29,28
2782,29,28
2773,29,28
2812,29,28
2887,29,28
2829,29,28
2933,29,28
2914,29,28
2840,29,28
2865,29,28
2858,29,28
2964,29,28
2962,29,28
2910,29,28
2906,29,28
3022,29,28
2937,29,28
2975,29,28
2990,29,28
3001,29,28
3132,29,28
3025,29,28
3044,29,28
3152,29,28
3207,29,28
3052,29,28
3118,29,28
3068,29,28
3077,29,28
3194,29,28
3104,29,28
3201,29,28
3148,29,28
3174,29,28
3171,29,28
3315,29,28
3221,29,28
3314,29,28
3234,29,28
3401,29,28
3384,29,28
3452,29,28
3249,29,28
3268,29,28
3435,29,28
3287,29,28
3469,29,28
3325,29,28
3344,29,28
3389,29,28
3438,29,28
3451,29,28
3561,29,28
3588,29,28
13009,29,28
13028,29,28
13035,29,28
13045,29,28
13055,29,28
13067,29,28
13079,29,28
13091,29,28
3764,29,28
3770,29,28
3759,29,28
3672,29,28
3623,29,28
3718,29,28
3701,29,28
3695,29,28
3733,29,28
3901,29,28
3803,29,28
3793,29,28
3861,29,28
13100,29,28
3899,29,28
13107,29,28
13112,29,28
13115,29,28
13122,29,28
13127,29,28
4065,29,28
13132,29,28
3940,29,28
3995,29,28
13137,29,28
13142,29,28
4038,29,28
4058,29,28
4162,29,28
13148,29,28
13153,29,28
13158,29,28
13163,29,28
13168,29,28
13173,29,28
13178,29,28
13183,29,28
13188,29,28
13193,29,28
13203,29,28
13224,29,28
4262,29,28
4386,29,28
13258,29,28
4434,29,28
4323,29,28
4341,29,28
4381,29,28
4399,29,28
4468,29,28
4472,29,28
4444,29,28
4564,29,28
4525,29,28
4584,30,29
4601,30,29
13335,30,29
13342,30,29
13348,30,29
13353,30,29
13363,30,29
4744,30,29
13371,30,29
13379,30,29
13387,30,29
13398,30,29
13405,30,29
13414,30,29
13421,30,29
13428,30,29
13433,30,29
13438,30,29
13451,30,29
13457,30,29
13465,30,29
13476,30,29
13486,30,29
13497,30,29
13512,30,29
13522,30,29
13535,30,29
13549,30,29
13560,30,29
13591,30,29
13596,30,29
13624,30,29
141282,30,29
13629,30,29
13637,30,29
13750,30,29
13752,30,29
13754,30,29
13756,30,29
13758,30,29
13760,30,29
13762,30,29
13764,30,29
13766,30,29
13768,30,29
13770,30,29
13772,30,29
13779,30,29
13784,30,29
141372,30,29
13793,30,29
13798,30,29
13825,30,29
141456,30,29
13832,30,29
13844,30,29
13854,30,29
13877,30,29
13887,30,29
13892,30,29
13928,30,29
13942,30,29
13960,30,29
14019,30,29
5673,30,29
5761,30,29
5764,30,29
5758,30,29
5792,30,29
5908,30,29
6026,30,29
5850,30,29
5876,30,29
5886,30,29
6183,30,29
5942,30,29
6005,30,29
6129,30,29
5973,30,29
6020,30,29
6268,30,29
6098,30,29
6120,30,29
14239,30,29
6176,30,29
14255,30,29
6317,30,29
14292,30,29
6280,30,29
6455,30,29
6342,30,29
6527,30,29
6350,30,29
6408,30,29
6594,30,29
6425,30,29
6468,30,29
6514,30,29
6463,30,29
6558,30,29
6598,30,29
6627,30,29
6935,30,29
6872,30,29
6653,30,29
6705,30,29
6686,30,29
6733,30,29
6832,30,29
6883,30,29
6760,30,29
6908,30,29
7017,30,29
6824,30,29
6898,30,29
7003,30,29
7184,30,29
6976,30,29
7042,30,29
7142,30,29
7139,30,29
7238,30,29
7096,30,29
7167,30,29
7218,30,29
7285,30,29
7309,30,29
7330,30,29
7576,30,29
7358,30,29
7400,30,29
7422,30,29
7518,30,29
7446,30,29
7485,30,29
7756,30,29
7582,30,29
7706,30,29
7713,30,29
7550,30,29
7804,30,29
7667,30,29
7707,30,29
7752,30,29
7812,30,29
7889,30,29
7846,30,29
7903,30,29
8111,30,29
7931,30,29
7959,30,29
8245,30,29
8072,30,29
7981,30,29
8106,30,29
8057,30,29
8006,30,29
8209,30,29
8171,30,29
8188,30,29
8405,30,29
8247,30,29
8264,30,29
8287,30,29
8346,30,29
8321,30,29
8361,30,29
8570,30,29
8455,30,29
8404,30,29
8603,30,29
8442,30,29
8588,30,29
8485,30,29
16249,30,29
16275,30,29
16291,30,29
16307,30,29
16326,30,29
16471,30,29
16513,30,29
16557,30,29
16567,30,29
16588,30,29
16610,30,29
16655,30,29
16674,30,29
8843,30,29
16716,30,29
16751,30,29
8924,30,29
8960,30,29
9113,30,29
9278,30,29
9054,30,29
9166,30,29
9081,30,29
9099,30,29
9135,30,29
17032,30,29
17035,30,29
17043,30,29
17068,30,29
17161,30,29
9334,30,29
9303,30,29
9624,30,29
9642,30,29
9348,30,29
9369,30,29
9387,30,29
9492,30,29
9433,30,29
9570,30,29
17757,30,29
9578,30,29
9619,30,29
17825,30,29
9677,30,29
9686,30,29
9905,30,29
9714,30,29
10020,30,29
9789,30,29
9967,30,29
9761,30,29
9800,30,29
9998,30,29
9811,30,29
9918,30,29
19222,30,29
9895,30,29
10000,30,29
10047,30,29
10312,30,29
10138,30,29
10069,30,29
18178,30,29
10090,30,29
10282,30,29
10145,30,29
10204,30,29
10240,30,29
10222,30,29
18684,30,29
10295,30,29
10483,30,29
10344,30,29
10410,30,29
10454,30,29
10450,30,29
10365,30,29
10513,30,29
10509,30,29
10463,30,29
13332,31,29
4602,31,29
13337,31,29
13340,31,29
13346,31,29
13351,31,29
13361,31,29
4746,31,29
13369,31,29
13377,31,29
13385,31,29
13393,31,29
13403,31,29
13412,31,29
13419,31,29
13426,31,29
13431,31,29
13436,31,29
13449,31,29
13455,31,29
13463,31,29
13474,31,29
13484,31,29
13494,31,29
13510,31,29
13520,31,29
13533,31,29
13543,31,29
13558,31,29
13589,31,29
13594,31,29
13622,31,29
141284,31,29
13627,31,29
13635,31,29
13640,31,29
13649,31,29
13654,31,29
13659,31,29
13664,31,29
13669,31,29
13678,31,29
13695,31,29
13710,31,29
13717,31,29
13724,31,29
13734,31,29
13777,31,29
13782,31,29
141444,31,29
13791,31,29
13796,31,29
13820,31,29
141458,31,29
13830,31,29
13842,31,29
13852,31,29
13872,31,29
13885,31,29
13890,31,29
13926,31,29
13940,31,29
13958,31,29
14017,31,29
5674,31,29
5763,31,29
5776,31,29
5766,31,29
5795,31,29
5911,31,29
6029,31,29
5861,31,29
5881,31,29
5889,31,29
6190,31,29
5946,31,29
6008,31,29
6133,31,29
14114,31,29
14222,31,29
14229,31,29
6105,31,29
6126,31,29
6163,31,29
6181,31,29
14253,31,29
6322,31,29
14283,31,29
6283,31,29
6467,31,29
14326,31,29
14338,31,29
6358,31,29
6426,31,29
6611,31,29
6437,31,29
6484,31,29
6519,31,29
6481,31,29
6573,31,29
6612,31,29
6633,31,29
6943,31,29
6931,31,29
6658,31,29
6710,31,29
6696,31,29
6738,31,29
6857,31,29
6900,31,29
6765,31,29
6919,31,29
7024,31,29
6840,31,29
6904,31,29
7006,31,29
7188,31,29
6979,31,29
7045,31,29
7155,31,29
7153,31,29
7263,31,29
7106,31,29
7177,31,29
7220,31,29
7288,31,29
7312,31,29
7331,31,29
7580,31,29
7359,31,29
7404,31,29
7424,31,29
7531,31,29
7447,31,29
7489,31,29
7766,31,29
7585,31,29
7717,31,29
7726,31,29
7561,31,29
7810,31,29
7678,31,29
7718,31,29
7761,31,29
7823,31,29
7897,31,29
7849,31,29
7911,31,29
8115,31,29
7940,31,29
7968,31,29
8254,31,29
8080,31,29
7984,31,29
8143,31,29
8064,31,29
8009,31,29
8218,31,29
8180,31,29
8197,31,29
8413,31,29
8257,31,29
8267,31,29
8290,31,29
8352,31,29
8324,31,29
8366,31,29
8610,31,29
8465,31,29
8412,31,29
8619,31,29
8448,31,29
8599,31,29
8490,31,29
8499,31,29
8535,31,29
8668,31,29
8630,31,29
8879,31,29
8641,31,29
8813,31,29
8689,31,29
8944,31,29
8729,31,29
8850,31,29
8833,31,29
9091,31,29
8838,31,29
8882,31,29
8869,31,29
8923,31,29
8958,31,29
9111,31,29
9274,31,29
9050,31,29
9164,31,29
9078,31,29
9096,31,29
9130,31,29
9142,31,29
9184,31,29
9269,31,29
9210,31,29
9412,31,29
9331,31,29
9302,31,29
9586,31,29
9640,31,29
9346,31,29
9367,31,29
9385,31,29
9484,31,29
9432,31,29
9558,31,29
9560,31,29
9574,31,29
9617,31,29
9630,31,29
9674,31,29
9683,31,29
9903,31,29
9713,31,29
10019,31,29
9788,31,29
9966,31,29
9759,31,29
9799,31,29
9996,31,29
9810,31,29
9916,31,29
9874,31,29
9893,31,29
9999,31,29
10045,31,29
10311,31,29
10137,31,29
10068,31,29
10171,31,29
10091,31,29
10284,31,29
10147,31,29
10209,31,29
10243,31,29
10226,31,29
10253,31,29
10297,31,29
10487,31,29
10346,31,29
10415,31,29
10460,31,29
10453,31,29
10368,31,29
10515,31,29
10512,31,29
10467,31,29
11308,32,28
2371,32,28
2354,32,28
2294,32,28
2378,32,28
2383,32,28
2338,32,28
2314,32,28
2357,32,28
2358,32,28
2408,32,28
2411,32,28
2422,32,28
2426,32,28
2438,32,28
2456,32,28
2576,32,28
2501,32,28
2460,32,28
2540,32,28
2510,32,28
2561,32,28
2476,32,28
2480,32,28
2552,32,28
2557,32,28
2500,32,28
2521,32,28
2630,32,28
2581,32,28
2592,32,28
2610,32,28
2622,32,28
12190,32,28
2651,32,28
2646,32,28
2662,32,28
2738,32,28
2784,32,28
2684,32,28
2673,32,28
2755,32,28
2818,32,28
2775,32,28
2707,32,28
2696,32,28
2724,32,28
12363,32,28
2781,32,28
2770,32,28
2811,32,28
2883,32,28
2828,32,28
2931,32,28
2913,32,28
2839,32,28
2864,32,28
2856,32,28
2961,32,28
2960,32,28
2908,32,28
2903,32,28
3020,32,28
2936,32,28
2974,32,28
2989,32,28
2999,32,28
3128,32,28
3024,32,28
3042,32,28
3149,32,28
3206,32,28
3051,32,28
3116,32,28
3067,32,28
3076,32,28
3192,32,28
3102,32,28
3200,32,28
3143,32,28
3173,32,28
3169,32,28
3306,32,28
3220,32,28
3313,32,28
3233,32,28
3399,32,28
3380,32,28
3450,32,28
3248,32,28
3266,32,28
3430,32,28
3285,32,28
3468,32,28
12958,32,28
3343,32,28
3385,32,28
3433,32,28
12983,32,28
12993,32,28
3587,32,28
3511,32,28
3484,32,28
3585,32,28
13050,32,28
3610,32,28
13061,32,28
13073,32,28
13085,32,28
13094,32,28
3768,32,28
3754,32,28
3665,32,28
3618,32,28
3711,32,28
3696,32,28
3691,32,28
3730,32,28
3898,32,28
3802,32,28
3791,32,28
3856,32,28
3970,32,28
3900,32,28
3854,32,28
3884,32,28
3890,32,28
3955,32,28
4004,32,28
4062,32,28
3934,32,28
3942,32,28
3996,32,28
4141,32,28
4067,32,28
4044,32,28
4061,32,28
4163,32,28
4088,32,28
4102,32,28
4119,32,28
4281,32,28
4166,32,28
4313,32,28
4189,32,28
4204,32,28
4405,32,28
4214,32,28
4233,32,28
4267,32,28
4264,32,28
4392,32,28
4307,32,28
4435,32,28
4324,32,28
4346,32,28
4385,32,28
4397,32,28
4467,32,28
4469,32,28
4442,32,28
4559,32,28
4522,32,28
4582,32,28
4596,32,28
4570,32,28
4577,32,28
4508,32,28
4614,32,28
4671,32,28
4743,32,28
4648,32,28
4647,32,28
4700,32,28
4705,32,28
4779,32,28
4772,32,28
4725,32,28
4920,32,28
4873,32,28
4815,32,28
4862,32,28
4892,32,28
4934,32,28
4849,32,28
4953,32,28
4900,32,28
5076,32,28
4970,32,28
4977,32,28
5008,32,28
5029,32,28
5113,32,28
5148,32,28
5139,32,28
5046,32,28
5224,32,28
5112,32,28
5158,33,32
5169,33,32
5124,33,32
5382,33,32
5198,33,32
5236,33,32
5243,33,32
5303,33,32
5458,33,32
5283,33,32
5482,33,32
5300,33,32
5332,33,32
5363,33,32
5378,33,32
5601,33,32
5448,33,32
5446,33,32
5499,33,32
5505,33,32
5554,33,32
5535,33,32
5609,33,32
5586,33,32
5681,33,32
5630,33,32
5692,33,32
5839,33,32
5799,33,32
5671,33,32
5755,33,32
5769,33,32
5762,33,32
5793,33,32
5909,33,32
6027,33,32
5855,33,32
5877,33,32
5887,33,32
6186,33,32
5944,33,32
6006,33,32
6131,33,32
5975,33,32
6021,33,32
6270,33,32
6107,33,32
6128,33,32
6164,33,32
6184,33,32
6215,33,32
6320,33,32
6248,33,32
6282,33,32
6464,33,32
6346,33,32
6531,33,32
6355,33,32
6421,33,32
6605,33,32
6434,33,32
6483,33,32
6518,33,32
6478,33,32
6571,33,32
6610,33,32
6632,33,32
6944,33,32
6933,33,32
6659,33,32
6711,33,32
6698,33,32
6739,33,32
6881,33,32
6903,33,32
6766,33,32
6923,33,32
7026,33,32
6845,33,32
6910,33,32
7008,33,32
7200,33,32
6985,33,32
7052,33,32
7168,33,32
7166,33,32
7271,33,32
7124,33,32
7191,33,32
7227,33,32
7301,33,32
7321,33,32
7336,33,32
7598,33,32
7365,33,32
7413,33,32
7434,33,32
7543,33,32
7456,33,32
7495,33,32
5160,34,32
5170,34,32
5128,34,32
5386,34,32
5203,34,32
5240,34,32
5246,34,32
5305,34,32
5463,34,32
5291,34,32
5489,34,32
5308,34,32
5333,34,32
5368,34,32
5381,34,32
5603,34,32
5452,34,32
5450,34,32
5502,34,32
5508,34,32
5563,34,32
5541,34,32
5614,34,32
5592,34,32
5686,34,32
5633,34,32
5695,34,32
5847,34,32
5804,34,32
5677,34,32
5771,34,32
5780,34,32
5775,34,32
5798,34,32
5912,34,32
6030,34,32
5862,34,32
5882,34,32
5890,34,32
6194,34,32
5952,34,32
6013,34,32
6135,34,32
5981,34,32
6023,34,32
6273,34,32
6111,34,32
6130,34,32
6165,34,32
6191,34,32
14251,34,32
6325,34,32
14286,34,32
6284,34,32
6470,34,32
14328,34,32
14340,34,32
6356,34,32
6424,34,32
6608,34,32
6436,34,32
6480,34,32
6516,34,32
6473,34,32
6568,34,32
6607,34,32
6631,34,32
6942,34,32
6930,34,32
6657,34,32
6709,34,32
6694,34,32
6737,34,32
6842,34,32
6893,34,32
6761,34,32
6916,34,32
7021,34,32
6837,34,32
6907,34,32
7004,34,32
7192,34,32
6978,34,32
7043,34,32
7152,34,32
7147,34,32
7259,34,32
7110,34,32
7181,34,32
7222,34,32
7291,34,32
7314,34,32
7332,34,32
7591,34,32
7360,34,32
7407,34,32
7427,34,32
7525,34,32
7448,34,32
7487,34,32
7759,34,32
7583,34,32
7709,34,32
7719,34,32
7556,34,32
7806,34,32
7676,34,32
7710,34,32
7758,34,32
7820,34,32
7893,34,32
7847,34,32
7909,34,32
8113,34,32
7937,34,32
7966,34,32
8252,34,32
8078,34,32
7983,34,32
8110,34,32
8063,34,32
8008,34,32
8215,34,32
8176,34,32
8194,34,32
8411,34,32
8253,34,32
8266,34,32
8289,34,32
8350,34,32
8323,34,32
8365,34,32
8606,34,32
8462,34,32
8409,34,32
8615,34,32
8447,34,32
8595,34,32
8489,34,32
8498,34,32
8534,34,32
16289,34,32
16305,34,32
16328,34,32
16469,34,32
16511,34,32
16555,34,32
16565,34,32
16586,34,32
16608,34,32
16653,34,32
16671,34,32
8827,34,32
8878,34,32
8863,34,32
8919,34,32
8956,34,32
9018,34,32
16822,34,32
9038,34,32
9158,34,32
9067,34,32
9084,34,32
9123,34,32
9134,34,32
9182,34,32
9258,34,32
9207,34,32
9407,34,32
9325,34,32
9295,34,32
9573,34,32
9628,34,32
9338,34,32
9362,34,32
9383,34,32
9475,34,32
9428,34,32
9543,34,32
9545,34,32
9549,34,32
9604,34,32
9620,34,32
9668,34,32
9681,34,32
9900,34,32
9711,34,32
10017,34,32
9783,34,32
9962,34,32
9753,34,32
9795,34,32
9991,34,32
9806,34,32
9914,34,32
9865,34,32
9888,34,32
9994,34,32
10042,34,32
10309,34,32
10132,34,32
10066,34,32
10166,34,32
10089,34,32
10280,34,32
10143,34,32
10201,34,32
10238,34,32
10220,34,32
10251,34,32
10293,34,32
10478,34,32
10341,34,32
10403,34,32
10449,34,32
10444,34,32
10362,34,32
10510,34,32
10506,34,32
10457,34,32
2191,35,0
2130,35,0
2112,35,0
2156,35,0
2095,35,0
2140,35,0
2193,35,0
2168,35,0
2065,35,0
2067,35,0
2153,35,0
2085,35,0
2246,35,0
2258,35,0
2259,35,0
11324,35,0
11372,35,0
2321,35,0
11477,35,0
11521,35,0
11529,35,0
11543,35,0
11553,35,0
11565,35,0
11570,35,0
11577,35,0
11596,35,0
11601,35,0
138963,35,0
11614,35,0
11619,35,0
11633,35,0
11643,35,0
11653,35,0
11663,35,0
11824,35,0
2542,35,0
2462,35,0
11913,35,0
11937,35,0
11959,35,0
11976,35,0
11988,35,0
12010,35,0
12030,35,0
12037,35,0
12128,35,0
12148,35,0
12177,35,0
12192,35,0
12194,35,0
12209,35,0
12235,35,0
12253,35,0
12270,35,0
12280,35,0
12287,35,0
12297,35,0
12323,35,0
12337,35,0
12344,35,0
12356,35,0
2786,35,0
12481,35,0
12488,35,0
12495,35,0
2866,35,0
12511,35,0
12526,35,0
2884,35,0
12539,35,0
2845,35,0
12557,35,0
2940,35,0
12575,35,0
2874,35,0
2869,35,0
3000,35,0
2918,35,0
2958,35,0
12627,36,35
19130,36,35
12654,36,35
138891,36,35
12679,36,35
12692,36,35
12701,36,35
12709,36,35
3080,36,35
12722,36,35
12757,36,35
12773,36,35
12783,36,35
12793,36,35
12807,36,35
12820,36,35
12828,36,35
12838,36,35
12849,36,35
12868,36,35
12889,36,35
12908,36,35
12927,36,35
12938,36,35
12942,36,35
3251,36,35
3363,36,35
3267,36,35
3454,36,35
3292,36,35
3327,36,35
3353,36,35
3390,36,35
3408,36,35
3518,36,35
3554,36,35
3486,36,35
3471,36,35
3569,36,35
3490,36,35
3590,36,35
3632,36,35
3515,36,35
3523,36,35
3706,36,35
3729,36,35
3721,36,35
3621,36,35
3599,36,35
3661,36,35
3647,36,35
3641,36,35
3686,36,35
3822,36,35
3782,36,35
3772,36,35
3809,36,35
3948,36,35
3851,36,35
3806,36,35
3831,36,35
3833,36,35
3914,36,35
3967,36,35
4016,36,35
3905,36,35
3910,36,35
3974,36,35
4120,36,35
4022,36,35
3999,36,35
4010,36,35
4132,36,35
4070,36,35
4085,36,35
4104,36,35
4258,36,35
4143,36,35
4275,36,35
4168,36,35
4180,36,35
4330,36,35
4197,36,35
4217,36,35
4227,36,35
13226,36,35
4351,36,35
4284,36,35
4409,36,35
13263,36,35
13277,36,35
13283,36,35
13301,36,35
13306,36,35
13312,36,35
13330,36,35
4489,36,35
4485,36,35
4520,36,35
4563,36,35
4528,36,35
4536,36,35
4475,36,35
13355,36,35
13358,36,35
13366,36,35
13373,36,35
13381,36,35
13389,36,35
13400,36,35
13407,36,35
13416,36,35
4711,36,35
4830,36,35
4825,36,35
13441,36,35
4784,36,35
13459,36,35
13468,36,35
13478,36,35
13489,36,35
13500,36,35
13504,36,35
13529,36,35
4943,36,35
4980,36,35
13571,36,35
13575,36,35
5099,36,35
13604,36,35
5005,36,35
5173,36,35
5045,36,35
5104,36,35
13646,36,35
5081,36,35
5343,36,35
5180,36,35
5207,36,35
5214,36,35
5258,36,35
5391,36,35
5250,36,35
5414,36,35
5260,36,35
5313,36,35
5323,36,35
5352,36,35
5547,36,35
5402,36,35
5397,36,35
5459,36,35
5470,36,35
5522,36,35
5512,36,35
5570,36,35
5544,36,35
5646,36,35
5608,36,35
13944,36,35
13949,36,35
13997,36,35
14023,36,35
14028,36,35
14032,36,35
5698,36,35
5729,36,35
14034,36,35
14036,36,35
14041,36,35
14043,36,35
14076,36,35
6065,36,35
14089,36,35
5955,36,35
6033,36,35
5926,36,35
5980,36,35
6225,36,35
6046,36,35
6057,36,35
6074,36,35
6143,36,35
6175,36,35
6289,36,35
6204,36,35
6232,36,35
6363,36,35
6316,36,35
6446,36,35
6301,36,35
6364,36,35
6526,36,35
6371,36,35
6385,36,35
6489,36,35
6418,36,35
6536,36,35
6563,36,35
6593,36,35
6850,36,35
6785,36,35
6638,36,35
6676,36,35
6664,36,35
6717,36,35
6770,36,35
6814,36,35
6744,36,35
6801,36,35
6966,36,35
6783,36,35
6828,36,35
6955,36,35
7053,36,35
6952,36,35
7022,36,35
7074,36,35
7070,36,35
7163,36,35
7058,36,35
7092,36,35
7150,36,35
7243,36,35
7251,36,35
7284,36,35
7513,36,35
7341,36,35
7366,36,35
7378,36,35
7455,36,35
7411,36,35
7457,36,35
7608,36,35
7524,36,35
7597,36,35
7609,36,35
7503,36,35
7754,36,35
7612,36,35
7634,36,35
7677,36,35
7767,36,35
7863,36,35
7829,36,35
7854,36,35
8067,36,35
7888,36,35
7921,36,35
8124,36,35
8020,36,35
7950,36,35
8029,36,35
8015,36,35
7988,36,35
8123,36,35
8119,36,35
8131,36,35
8332,36,35
8196,36,35
8214,36,35
8270,36,35
8293,36,35
8296,36,35
8328,36,35
8518,36,35
8377,36,35
8370,36,35
8543,36,35
8422,36,35
8536,36,35
8443,36,35
8457,36,35
8505,36,35
8645,36,35
8563,36,35
8749,36,35
8589,36,35
8694,36,35
8667,36,35
8889,36,35
8698,36,35
8741,36,35
8730,36,35
8972,36,35
8740,36,35
8794,36,35
8772,36,35
8894,36,35
8927,36,35
8964,36,35
9214,36,35
8979,36,35
9131,36,35
8996,36,35
9012,36,35
9049,36,35
9070,36,35
9157,36,35
9224,36,35
9187,36,35
9373,36,35
9257,36,35
9240,36,35
9445,36,35
9457,36,35
9284,36,35
9311,36,35
9340,36,35
9427,36,35
9403,36,35
9464,36,35
9474,36,35
9473,36,35
9527,36,35
9556,36,35
9611,36,35
9639,36,35
9839,36,35
9691,36,35
17899,36,35
9728,36,35
9909,36,35
9717,36,35
9744,36,35
9936,36,35
9766,36,35
9817,36,35
9809,36,35
9827,36,35
9937,36,35
10024,36,35
10262,36,35
10096,36,35
10048,36,35
10123,36,35
10073,36,35
10223,36,35
10103,36,35
10152,36,35
10181,36,35
10162,36,35
10205,36,35
10259,36,35
10394,36,35
10316,36,35
10343,36,35
10371,36,35
10374,36,35
10330,36,35
10475,36,35
10448,36,35
10393,36,35
12629,37,35
19132,37,35
12656,37,35
138924,37,35
12681,37,35
12694,37,35
3175,37,35
3033,37,35
3078,37,35
12724,37,35
12762,37,35
12775,37,35
12785,37,35
12795,37,35
12809,37,35
12818,37,35
12830,37,35
12840,37,35
12851,37,35
12876,37,35
12891,37,35
12910,37,35
12929,37,35
12940,37,35
3235,37,35
3250,37,35
3362,37,35
3265,37,35
3453,37,35
3291,37,35
3326,37,35
3352,37,35
3387,37,35
3405,37,35
3517,37,35
3551,37,35
3485,37,35
3470,37,35
3567,37,35
3488,37,35
3589,37,35
3631,37,35
3514,37,35
3522,37,35
3704,37,35
3712,37,35
3717,37,35
3619,37,35
3598,37,35
3657,37,35
3645,37,35
3639,37,35
3684,37,35
3821,37,35
3780,37,35
3771,37,35
3808,37,35
3946,37,35
3848,37,35
3805,37,35
3828,37,35
3830,37,35
3912,37,35
3966,37,35
4013,37,35
3904,37,35
3909,37,35
3973,37,35
4110,37,35
4015,37,35
3997,37,35
4009,37,35
4131,37,35
4069,37,35
4082,37,35
4101,37,35
4255,37,35
4142,37,35
4272,37,35
4165,37,35
4175,37,35
4328,37,35
4194,37,35
4215,37,35
4224,37,35
4240,37,35
4345,37,35
4282,37,35
4407,37,35
4308,37,35
13279,37,35
13286,37,35
4362,37,35
13308,37,35
4438,37,35
4412,37,35
4486,37,35
4481,37,35
4517,37,35
4558,37,35
4524,37,35
4533,37,35
4474,37,35
4597,37,35
4656,37,35
4729,37,35
4619,37,35
4618,37,35
4670,37,35
4675,37,35
4754,37,35
4748,37,35
4710,37,35
4829,37,35
4824,37,35
13446,37,35
4783,37,35
4800,37,35
13470,37,35
4802,37,35
13491,37,35
4866,37,35
4998,37,35
4932,37,35
4942,37,35
4979,37,35
4986,37,35
5044,37,35
5098,37,35
5040,37,35
5003,37,35
5172,37,35
5041,37,35
5103,37,35
5145,37,35
5079,37,35
5330,37,35
5178,37,35
5206,37,35
5210,37,35
5256,37,35
5389,37,35
5249,37,35
5411,37,35
5257,37,35
5310,37,35
5320,37,35
5348,37,35
5526,37,35
5399,37,35
5393,37,35
5453,37,35
5467,37,35
5521,37,35
5510,37,35
5564,37,35
5539,37,35
5642,37,35
5604,37,35
5624,37,35
5803,37,35
5737,37,35
5635,37,35
5699,37,35
5701,37,35
5697,37,35
5726,37,35
5892,37,35
5937,37,35
5816,37,35
5830,37,35
5844,37,35
6061,37,35
5914,37,35
5953,37,35
6032,37,35
5924,37,35
5974,37,35
6218,37,35
6042,37,35
6052,37,35
6067,37,35
6139,37,35
6169,37,35
6287,37,35
6201,37,35
6224,37,35
6357,37,35
6309,37,35
6440,37,35
6299,37,35
6362,37,35
6524,37,35
6369,37,35
6380,37,35
6475,37,35
6414,37,35
6534,37,35
6561,37,35
6589,37,35
6804,37,35
6775,37,35
6637,37,35
6674,37,35
6663,37,35
6716,37,35
6754,37,35
6807,37,35
6742,37,35
6794,37,35
6963,37,35
6782,37,35
6825,37,35
6953,37,35
7050,37,35
6949,37,35
7018,37,35
7060,37,35
7067,37,35
7108,37,35
7054,37,35
7088,37,35
7146,37,35
7244,37,35
7253,37,35
7287,37,35
7514,37,35
7342,37,35
7367,37,35
7380,37,35
7458,37,35
7414,37,35
7462,37,35
7613,37,35
7528,37,35
7599,37,35
7611,37,35
7504,37,35
7757,37,35
7616,37,35
7640,37,35
7686,37,35
7779,37,35
7865,37,35
7832,37,35
7857,37,35
8077,37,35
7901,37,35
7930,37,35
8174,37,35
8031,37,35
7958,37,35
8042,37,35
8019,37,35
7996,37,35
8145,37,35
8141,37,35
8157,37,35
8369,37,35
8216,37,35
8235,37,35
8278,37,35
8318,37,35
8306,37,35
8351,37,35
8542,37,35
8414,37,35
8393,37,35
8580,37,35
8435,37,35
8571,37,35
8474,37,35
8486,37,35
8522,37,35
8660,37,35
8607,37,35
8860,37,35
8635,37,35
8726,37,35
8683,37,35
8926,37,35
8716,37,35
8809,37,35
8791,37,35
9057,37,35
8802,37,35
8862,37,35
8840,37,35
8909,37,35
8952,37,35
9001,37,35
9232,37,35
9022,37,35
9153,37,35
9039,37,35
9053,37,35
9101,37,35
9112,37,35
9176,37,35
9239,37,35
9200,37,35
9396,37,35
9296,37,35
9262,37,35
9517,37,35
9536,37,35
9306,37,35
9332,37,35
9357,37,35
9437,37,35
9410,37,35
9482,37,35
9489,37,35
9486,37,35
9546,37,35
9576,37,35
9623,37,35
9645,37,35
9842,37,35
9692,37,35
9982,37,35
9735,37,35
9923,37,35
9721,37,35
9754,37,35
9949,37,35
9775,37,35
9859,37,35
9821,37,35
9837,37,35
9943,37,35
10028,37,35
10288,37,35
10105,37,35
10054,37,35
18166,37,35
10077,37,35
10232,37,35
10111,37,35
10164,37,35
10194,37,35
10185,37,35
10228,37,35
10275,37,35
10432,37,35
10324,37,35
10367,37,35
10408,37,35
10406,37,35
10345,37,35
10495,37,35
10486,37,35
10424,37,35
2225,38,0
2160,38,0
2133,38,0
2195,38,0
10698,38,0
10845,38,0
2239,38,0
2206,38,0
2075,38,0
2082,38,0
2188,38,0
11140,38,0
2253,38,0
138674,38,0
2282,38,0
2276,38,0
11327,38,0
2340,38,0
2290,38,0
2374,38,0
2365,38,0
2328,38,0
2310,38,0
2345,38,0
2347,38,0
2402,38,0
2403,38,0
2397,38,0
2421,38,0
2434,38,0
2453,38,0
2572,38,0
2494,38,0
2452,38,0
2537,38,0
2507,38,0
2550,38,0
2470,38,0
2475,38,0
2547,38,0
2554,38,0
2493,38,0
2518,38,0
2627,38,0
2577,38,0
2588,38,0
2607,38,0
2617,38,0
2599,38,0
2648,38,0
2642,38,0
2659,38,0
2729,38,0
2757,38,0
2681,38,0
2670,38,0
2743,38,0
2813,38,0
2764,38,0
2704,38,0
2693,38,0
2720,38,0
2799,38,0
2778,38,0
2763,38,0
2808,38,0
2877,38,0
2825,38,0
2926,38,0
2909,38,0
2836,38,0
2860,38,0
2850,38,0
2955,38,0
2949,38,0
2899,38,0
2892,38,0
3013,38,0
2930,38,0
2970,38,0
2982,38,0
2995,38,0
3122,38,0
3016,38,0
3035,38,0
3136,38,0
3202,38,0
3047,38,0
3107,38,0
3060,38,0
3072,38,0
3186,38,0
3091,38,0
3196,38,0
3130,38,0
3166,38,0
3161,38,0
3302,38,0
3216,38,0
3309,38,0
3229,38,0
3391,38,0
3369,38,0
3443,38,0
3244,38,0
3261,38,0
3418,38,0
3280,38,0
3464,38,0
3321,38,0
3339,38,0
3370,38,0
3419,38,0
3442,38,0
3548,38,0
3581,38,0
3504,38,0
3480,38,0
3578,38,0
3507,38,0
3602,38,0
3650,38,0
3540,38,0
3550,38,0
3760,38,0
3765,38,0
3745,38,0
3635,38,0
3615,38,0
3700,38,0
3682,38,0
3679,38,0
3724,38,0
3893,38,0
3799,38,0
3785,38,0
3839,38,0
3964,38,0
3891,38,0
3834,38,0
3875,38,0
3877,38,0
3951,38,0
3989,38,0
4054,38,0
3927,38,0
3936,38,0
3992,38,0
4129,38,0
4057,38,0
4024,38,0
4050,38,0
4156,38,0
4080,38,0
4097,38,0
4115,38,0
4274,38,0
4157,38,0
4300,38,0
4181,38,0
4195,38,0
4398,38,0
4210,38,0
4229,38,0
4243,38,0
4256,38,0
4379,38,0
4299,38,0
4430,38,0
4320,38,0
4338,38,0
4374,38,0
4394,38,0
4463,38,0
4464,38,0
4431,38,0
4549,38,0
4515,38,0
4575,38,0
4594,38,0
4557,38,0
4569,38,0
4498,38,0
4612,38,0
4668,38,0
4741,38,0
4644,38,0
4643,38,0
4695,38,0
4699,38,0
4775,38,0
4766,38,0
4723,38,0
4915,38,0
4868,38,0
4810,38,0
4845,38,0
4884,38,0
4930,38,0
4834,38,0
4945,38,0
4891,38,0
5065,38,0
4961,38,0
4971,38,0
5001,38,0
5016,38,0
5071,38,0
5141,38,0
5094,38,0
5032,38,0
5199,38,0
5072,38,0
5142,38,0
5165,38,0
5107,38,0
5376,38,0
5192,38,0
5227,38,0
5237,38,0
5292,38,0
5417,38,0
5271,38,0
5445,38,0
5293,38,0
5327,38,0
5344,38,0
5371,38,0
5574,38,0
5435,38,0
5432,38,0
5484,38,0
5496,38,0
5542,38,0
5523,38,0
5593,38,0
5576,38,0
5670,38,0
13909,38,0
5685,38,0
5817,38,0
5787,38,0
5661,38,0
5736,38,0
5738,38,0
5733,38,0
5781,38,0
5902,38,0
5996,38,0
5831,38,0
5864,38,0
5875,38,0
6142,38,0
5928,38,0
5988,38,0
6109,38,0
5956,38,0
6007,38,0
6254,38,0
6071,38,0
6099,38,0
6116,38,0
6166,38,0
6203,38,0
6303,38,0
6234,38,0
6271,38,0
6415,38,0
6335,38,0
6521,38,0
6343,38,0
6395,38,0
6585,38,0
6410,38,0
6456,38,0
6510,38,0
6451,38,0
6549,38,0
6586,38,0
6623,38,0
6926,38,0
6852,38,0
6650,38,0
6701,38,0
6680,38,0
6727,38,0
6780,38,0
6855,38,0
6753,38,0
6890,38,0
7000,38,0
6806,38,0
6875,38,0
6990,38,0
7137,38,0
6967,38,0
7037,38,0
7111,38,0
7109,38,0
7229,38,0
7078,38,0
7130,38,0
7195,38,0
7258,38,0
7283,38,0
7316,38,0
7551,38,0
7351,38,0
7381,38,0
7401,38,0
7486,38,0
7438,38,0
7476,38,0
7736,38,0
7562,38,0
7628,38,0
7651,38,0
7516,38,0
7788,38,0
7641,38,0
7673,38,0
7720,38,0
7797,38,0
7873,38,0
7839,38,0
7882,38,0
8098,38,0
7918,38,0
7945,38,0
8198,38,0
8052,38,0
7974,38,0
8058,38,0
8030,38,0
7998,38,0
8155,38,0
8150,38,0
8160,38,0
8372,38,0
8220,38,0
8231,38,0
8277,38,0
8315,38,0
8303,38,0
8344,38,0
8527,38,0
16087,38,0
8390,38,0
8562,38,0
8431,38,0
8545,38,0
8453,38,0
8471,38,0
8509,38,0
8649,38,0
8578,38,0
8761,38,0
8598,38,0
8699,38,0
8673,38,0
8891,38,0
8703,38,0
8754,38,0
8742,38,0
8978,38,0
8753,38,0
8811,38,0
8784,38,0
8897,38,0
8934,38,0
8967,38,0
9217,38,0
8986,38,0
9139,38,0
9005,38,0
9021,38,0
9062,38,0
9085,38,0
9163,38,0
9231,38,0
9192,38,0
9391,38,0
9275,38,0
9249,38,0
9450,38,0
9515,38,0
9297,38,0
9328,38,0
17557,38,0
17476,38,0
17498,38,0
17662,38,0
17684,38,0
17769,38,0
17788,38,0
17822,38,0
9643,38,0
9656,38,0
9855,38,0
9696,38,0
9992,38,0
9740,38,0
9925,38,0
9725,38,0
141497,38,0
18003,38,0
18021,38,0
9872,38,0
9826,38,0
9846,38,0
9958,38,0
10033,38,0
10294,38,0
10112,38,0
10057,38,0
10146,38,0
10081,38,0
10246,38,0
10118,38,0
10174,38,0
10212,38,0
10192,38,0
10233,38,0
10279,38,0
10440,38,0
10326,38,0
10373,38,0
10414,38,0
10413,38,0
10347,38,0
10497,38,0
10489,38,0
10429,38,0
5380,39,0
5197,39,0
5232,39,0
5279,40,0
5479,40,0
5299,40,0
5329,40,0
5359,40,0
5375,40,0
5599,40,0
5443,40,0
5439,40,0
5492,40,0
5498,40,0
5546,40,0
5524,40,0
5595,40,0
5578,40,0
5672,40,0
5625,40,0
5687,40,0
5820,40,0
5790,40,0
5663,40,0
5742,40,0
5743,40,0
5739,40,0
5786,40,0
5906,40,0
6012,40,0
5846,40,0
5874,40,0
5885,40,0
6180,40,0
5939,40,0
6001,40,0
6127,40,0
14133,40,0
6019,40,0
6266,40,0
6096,40,0
6121,40,0
6158,40,0
6179,40,0
6217,40,0
6324,40,0
6252,40,0
6285,40,0
6472,40,0
6351,40,0
6533,40,0
6359,40,0
6429,40,0
6614,40,0
6439,40,0
6487,40,0
6520,40,0
6482,40,0
6576,40,0
6616,40,0
6635,40,0
6946,40,0
6936,40,0
6661,40,0
6715,41,40
14710,41,40
139024,41,40
139029,41,40
139034,41,40
139039,41,40
139044,41,40
139050,41,40
14876,41,40
14871,41,40
14866,41,40
14856,41,40
14851,41,40
7061,41,40
7185,41,40
7215,41,40
7282,41,40
7138,41,40
7199,41,40
7234,41,40
7310,41,40
7325,41,40
7339,41,40
7601,41,40
7369,41,40
7419,41,40
7437,41,40
7549,41,40
7460,41,40
7499,41,40
7814,41,40
7589,41,40
7731,41,40
7739,41,40
7574,41,40
7819,41,40
7693,41,40
7733,41,40
7775,41,40
7828,41,40
7906,41,40
7852,41,40
7948,41,40
6712,42,40
14700,42,40
139026,42,40
139031,42,40
139036,42,40
139041,42,40
139046,42,40
139052,42,40
14874,42,40
14869,42,40
14859,42,40
14854,42,40
14849,42,40
14828,42,40
7176,42,40
7207,42,40
7272,42,40
7126,42,40
7193,42,40
7228,42,40
7302,42,40
7319,42,40
7334,42,40
7594,42,40
7362,42,40
7410,42,40
7432,42,40
7540,42,40
7454,42,40
7494,42,40
7774,42,40
7587,42,40
7724,42,40
7734,42,40
7569,42,40
7815,42,40
7690,42,40
7729,42,40
7772,42,40
7826,42,40
7904,42,40
7851,42,40
7915,42,40
8117,42,40
7944,42,40
7973,42,40
5441,43,0
5495,43,0
5503,43,0
5551,43,0
5534,43,0
5605,43,0
5583,43,0
5678,43,0
13921,43,0
13995,43,0
5819,43,0
5789,43,0
5665,43,0
5745,43,0
5746,43,0
5735,43,0
5784,43,0
5904,43,0
6003,43,0
5834,43,0
5866,43,0
5878,43,0
6146,43,0
5930,43,0
5990,43,0
6118,43,0
5966,43,0
6016,43,0
6261,43,0
6087,43,0
6117,43,0
6157,43,0
6174,43,0
6211,43,0
6315,43,0
6244,43,0
6279,43,0
6458,43,0
6344,43,0
6529,43,0
6352,43,0
14424,43,0
6599,43,0
6431,43,0
6477,43,0
6517,43,0
6479,43,0
6575,43,0
6615,43,0
6634,43,0
6945,43,0
6934,43,0
6660,43,0
6713,43,0
6699,43,0
14597,43,0
14624,43,0
14640,43,0
6769,43,0
6929,43,0
7033,43,0
6862,43,0
6920,43,0
7012,43,0
7241,43,0
6989,43,0
7059,43,0
7182,43,0
7212,43,0
7278,43,0
7133,43,0
7202,43,0
7232,43,0
7308,43,0
7324,43,0
7338,43,0
7603,43,0
7389,43,0
7421,43,0
7439,43,0
7553,43,0
7463,43,0
7501,43,0
7817,43,0
7590,43,0
7780,43,0
7741,43,0
7577,43,0
7821,43,0
7694,43,0
7735,43,0
7776,43,0
5607,44,0
5584,44,0
5680,44,0
5629,44,0
14178,44,0
14172,44,0
14150,44,0
14145,44,0
14174,45,0
14152,45,0
14147,45,0
14140,46,0
14051,46,0
14054,46,0
14057,46,0
14060,46,0
14063,46,0
14069,46,0
14072,46,0
14080,46,0
14085,46,0
5999,46,0
6123,46,0
5967,46,0
6017,46,0
6263,46,0
6093,46,0
6113,46,0
6155,46,0
6172,46,0
6209,46,0
6312,46,0
6242,46,0
14308,46,0
14315,46,0
14323,46,0
14335,46,0
14348,46,0
14414,46,0
6597,46,0
14452,46,0
14462,46,0
14469,46,0
6466,46,0
6560,46,0
6600,46,0
6628,46,0
6939,46,0
6885,46,0
6656,46,0
6707,46,0
6690,46,0
6736,46,0
6847,46,0
6894,46,0
6763,46,0
6911,46,0
7019,46,0
6827,46,0
6902,46,0
7005,46,0
7197,46,0
6983,46,0
7044,46,0
7145,46,0
7143,46,0
7240,46,0
7103,46,0
7169,46,0
7216,46,0
7280,46,0
7306,46,0
7328,46,0
7571,46,0
7357,46,0
7395,46,0
7416,46,0
15177,46,0
15209,46,0
15225,46,0
15248,46,0
15281,46,0
15288,46,0
15318,46,0
7527,46,0
7796,46,0
7653,46,0
7689,46,0
7742,46,0
7805,46,0
7881,46,0
7843,46,0
7892,46,0
8105,46,0
7926,46,0
7954,46,0
139116,47,0
139120,47,0
139126,47,0
139133,48,0
14074,48,0
14082,48,0
14087,48,0
5992,48,0
6115,48,0
5960,48,0
6011,48,0
6256,48,0
6075,48,0
6101,48,0
6119,48,0
6168,48,0
6207,48,0
6308,48,0
6241,48,0
6278,48,0
6454,48,0
6340,48,0
6525,48,0
14358,49,48
14372,49,48
6590,49,48
6419,49,48
6465,49,48
6513,49,48
6459,49,48
6552,49,48
6587,49,48
6624,49,48
6928,49,48
6859,49,48
6651,49,48
6703,49,48
6681,49,48
6730,49,48
6822,49,48
6869,49,48
6758,49,48
6899,49,48
7014,49,48
6815,49,48
6889,49,48
6994,49,48
7172,49,48
6970,49,48
7040,49,48
7136,49,48
7131,49,48
7236,49,48
7091,49,48
15019,49,48
14350,50,48
14370,50,48
6591,50,48
14450,50,48
14460,50,48
14471,50,48
6460,50,48
6556,50,48
6595,50,48
6626,50,48
6937,50,48
6876,50,48
6654,50,48
6706,50,48
6688,50,48
6734,50,48
6836,50,48
6888,50,48
6762,50,48
6921,50,48
7028,50,48
6849,50,48
6912,50,48
7009,50,48
7203,50,48
6987,50,48
7049,50,48
7165,50,48
7161,50,48
7239,50,48
7100,50,48
7162,50,48
7214,50,48
7277,50,48
7304,50,48
7329,50,48
7573,50,48
7356,50,48
7397,50,48
7420,50,48
7498,50,48
15207,50,48
15223,50,48
15246,50,48
15277,50,48
15293,50,48
15316,50,48
7530,50,48
7794,50,48
7649,50,48
7685,50,48
7738,50,48
7802,50,48
7879,50,48
7842,50,48
7890,50,48
8103,50,48
7924,50,48
7952,50,48
8237,50,48
8061,50,48
7978,50,48
8097,50,48
8046,50,48
8003,50,48
8206,50,48
8170,50,48
8181,50,48
8400,50,48
8243,50,48
8259,50,48
8285,50,48
8343,50,48
8319,50,48
8357,50,48
8564,50,48
8426,50,48
8399,50,48
8596,50,48
8439,50,48
8584,50,48
8482,50,48
8495,50,48
8531,50,48
8663,50,48
8622,50,48
8871,50,48
8638,50,48
8734,50,48
8685,50,48
8932,50,48
8721,50,48
8825,50,48
8807,50,48
9069,50,48
8815,50,48
8870,50,48
8855,50,48
8915,50,48
8954,50,48
9011,50,48
9255,50,48
9033,50,48
9156,50,48
9056,50,48
9072,50,48
9116,50,48
9124,50,48
9180,50,48
9250,50,48
9205,50,48
9402,50,48
9317,50,48
9288,50,48
9557,50,48
9618,50,48
9333,50,48
9355,50,48
9378,50,48
9461,50,48
9424,50,48
9522,50,48
9523,50,48
9530,50,48
9594,50,48
9606,50,48
9660,50,48
9673,50,48
9886,50,48
9705,50,48
10012,50,48
9770,50,48
9948,50,48
9742,50,48
9785,50,48
9979,50,48
9801,50,48
9897,50,48
9851,50,48
9875,50,48
9978,50,48
10039,50,48
10306,50,48
10122,50,48
10063,50,48
10159,50,48
10086,50,48
10274,50,48
10133,50,48
10191,50,48
10229,50,48
10210,50,48
10247,50,48
10289,50,48
10468,50,48
10336,50,48
10391,50,48
10436,50,48
10434,50,48
10360,50,48
10505,50,48
10500,50,48
10446,50,48
14194,51,0
14192,51,0
6125,51,0
5969,51,0
6018,51,0
6264,51,0
6090,51,0
6112,51,0
6153,51,0
6171,51,0
6310,52,0
6240,52,0
6276,52,0
7178,53,0
7208,53,0
7275,53,0
7128,53,0
7196,53,0
7230,53,0
7305,53,0
7323,53,0
7337,53,0
7600,53,0
7368,53,0
7417,53,0
7436,53,0
7546,53,0
7459,53,0
7497,53,0
7777,53,0
7588,53,0
7728,53,0
7737,53,0
7572,53,0
7818,53,0
7687,53,0
7725,53,0
7768,53,0
7825,53,0
7902,53,0
139147,54,0
7274,54,0
7300,54,0
7327,54,0
7567,54,0
7355,54,0
7394,54,0
7409,54,0
7496,54,0
7444,54,0
7483,54,0
7746,54,0
15283,54,0
7695,54,0
7662,54,0
7544,54,0
7801,54,0
7660,54,0
7699,54,0
7747,54,0
7809,54,0
7886,54,0
7845,54,0
7899,54,0
8109,54,0
7933,54,0
7961,54,0
8256,54,0
8082,54,0
7985,54,0
8152,54,0
8071,54,0
8011,54,0
8226,54,0
8190,54,0
8202,54,0
8062,55,0
7979,55,0
8102,55,0
8054,55,0
8005,55,0
8092,56,0
7991,56,0
8156,56,0
8075,56,0
8014,56,0
15912,56,0
15953,56,0
8089,57,0
7989,57,0
8153,57,0
8074,57,0
8012,57,0
8223,57,0
8186,57,0
16170,58,0
8627,58,0
8456,58,0
8612,58,0
8496,58,0
8503,58,0
8541,58,0
8670,58,0
8632,58,0
8880,58,0
8642,58,0
8819,58,0
8690,58,0
8946,58,0
8735,58,0
8857,58,0
8841,58,0
9125,58,0
8848,58,0
8885,58,0
8876,58,0
8933,58,0
8962,58,0
9119,58,0
9308,58,0
9064,58,0
9170,58,0
9093,58,0
9106,58,0
9141,58,0
9146,58,0
9188,58,0
9280,58,0
17553,58,0
17098,58,0
9339,58,0
9309,58,0
17191,58,0
17314,58,0
9353,58,0
9370,58,0
9386,58,0
9488,58,0
9431,58,0
9563,58,0
9564,58,0
9555,58,0
9607,58,0
9625,58,0
9670,58,0
9680,58,0
9898,58,0
9710,58,0
10016,58,0
9778,58,0
9955,58,0
9745,58,0
9793,58,0
9986,58,0
9804,58,0
9913,58,0
9858,58,0
9877,58,0
9983,58,0
10041,58,0
16680,59,0
8856,59,0
141484,59,0
8873,59,0
8928,59,0
8959,59,0
9109,59,0
9271,59,0
9042,59,0
9160,59,0
9061,59,0
9077,59,0
9121,59,0
9128,59,0
9181,59,0
9254,59,0
9206,59,0
9404,59,0
9321,59,0
9290,59,0
9565,59,0
9621,59,0
9335,59,0
9360,59,0
9382,59,0
9471,59,0
9426,59,0
9535,59,0
9528,59,0
9544,59,0
9595,59,0
9608,59,0
9662,59,0
9676,59,0
9889,59,0
9708,59,0
10015,59,0
9780,59,0
17928,59,0
17952,59,0
17956,59,0
9987,59,0
18014,59,0
18040,59,0
18062,59,0
9186,60,0
9277,60,0
17681,61,0
17679,61,0
9467,61,0
9516,61,0
9541,61,0
17843,61,0
9629,61,0
9832,61,0
9689,61,0
9970,61,0
9724,61,0
9907,61,0
9716,61,0
9741,61,0
9931,61,0
9758,61,0
9813,61,0
9805,61,0
9822,61,0
9932,61,0
10021,61,0
10260,61,0
10094,61,0
10046,61,0
10120,61,0
18193,61,0
10180,61,0
10099,61,0
10148,61,0
10177,61,0
10160,61,0
10200,61,0
10258,61,0
10399,61,0
10317,61,0
10349,61,0
10376,61,0
10377,61,0
10332,61,0
10477,61,0
10455,61,0
10398,61,0
18012,62,0
18045,62,0
9882,62,0
9901,62,0
10007,62,0
10051,62,0
10314,62,0
10142,62,0
10071,62,0
10179,62,0
10093,62,0
10304,62,0
18610,62,0
10217,62,0
10248,62,0
10230,62,0
10254,62,0
10299,62,0
10490,62,0
10350,62,0
10419,62,0
10465,62,0
10459,62,0
10372,62,0
10517,62,0
10514,62,0
10472,62,0
10518,63,0
10479,63,0
